consult_id,customer_id,customer_id_raw,unit_id,unit_id_raw,consultant,channel,consult_date,duration_min,duration_flag,outcome,notes,orphan
CS00001,C00381,C00381,U0075,U0075,장은서,전화,2024-07-18,45,,계약희망,층향 재문의,
CS00002,C00323,C00323,U0128,U0128,장은서,SNS,2025-09-23,15,,계약희망,현장 방문 예약,
CS00003,C00030,C00030,U0123,U0123,서주원,방문,2026-05-11,20,,보류,계약금 조율 필요,
CS00004,C00415,C00415,U0037,U0037,임동현,전화,2025-09-24,240,이상치(장시간),거절,현장 방문 예약,
CS00005,C00178,C00178,U0214,U0214,김서준,전화,2025-12-19,240,이상치(장시간),보류,층향 재문의,
CS00006,C00059,C00059,U0081,U0081,조도윤,방문,2024-06-15,,비정상(0이하),재상담예정,추가 자료 요청,
CS00007,C00068,C00068,,U9966,장은서,방문,2026-02-06,30,,재상담예정,타 단지와 비교 중,unit
CS00008,C00583,C00583,U0125,U0125,한지민,방문,2026-07-13,10,,거절,추가 자료 요청,
CS00009,C00564,C00564,U0158,U0158,한지민,SNS,2026-11-06,20,,거절,층향 재문의,
CS00010,C00014,C00014,U0119,U0119,홍태윤,방문,2025-12-24,20,,보류,타 단지와 비교 중,
CS00011,C00114,C00114,U0002,U0002,조도윤,방문,2024-04-23,15,,계약희망,전세 대비 비교 요청,
CS00012,C00401,C00401,U0018,U0018,임동현,전화,2026-04-12,10,,재상담예정,전세 대비 비교 요청,
CS00013,C00464,C00464,U0197,U0197,서주원,온라인,2025-09-18,30,,거절,타 단지와 비교 중,
CS00014,C00106,C00106,U0033,U0033,안시윤,전화,2026-11-25,90,,계약희망,,
CS00015,C00550,C00550,U0001,U0001,홍태윤,온라인,2024-02-26,240,이상치(장시간),거절,대출 상담 필요,
CS00016,C00165,C00165,U0207,U0207,조도윤,방문,2026-08-11,45,,재상담예정,현장 방문 예약,
CS00017,C00402,C00402,U0215,U0215,홍태윤,전화,2026-02-20,30,,재상담예정,층향 재문의,
CS00018,C00387,C00387,U0202,U0202,홍태윤,전화,2024-09-14,60,,재상담예정,,
CS00019,C00055,C00055,U0055,U0055,전동현,SNS,2024-07-12,20,,계약희망,가족과 상의 후 재연락,
CS00020,C00237,C00237,U0085,U0085,장채원,전화,2025-05-17,10,,재상담예정,현장 방문 예약,
CS00021,C00143,C00143,U0181,U0181,장은서,방문,2026-01-19,10,,재상담예정,추가 자료 요청,
CS00022,C00193,C00193,U0010,U0010,홍태윤,방문,2026-12-05,20,,계약희망,가격 재문의,
CS00023,C00558,C00558,U0016,U0016,장채원,전화,2026-05-28,30,,거절,추가 자료 요청,
CS00024,C00154,C00154,U0151,U0151,김서준,전화,2025-09-01,90,,보류,추가 자료 요청,
CS00025,C00438,C00438,U0114,U0114,김서준,온라인,2026-04-23,,비정상(0이하),계약희망,잔금 일정 문의,
CS00026,C00397,C00397,U0031,U0031,장은서,방문,2026-12-03,240,이상치(장시간),보류,추가 자료 요청,
CS00027,C00427,C00427,U0152,U0152,임동현,전화,2024-03-26,10,,보류,잔금 일정 문의,
CS00028,C00156,C00156,U0189,U0189,홍태윤,전화,2024-07-23,45,,재상담예정,가족과 상의 후 재연락,
CS00029,C00147,C00147,U0052,U0052,한지민,방문,2025-05-23,,비정상(0이하),계약희망,특약사항 확인 요청,
CS00030,C00236,C00236,U0134,U0134,전동현,전화,2026-11-27,20,,보류,추가 자료 요청,
CS00031,C00221,C00221,U0208,U0208,조도윤,전화,2025-04-11,,비정상(0이하),거절,가족과 상의 후 재연락,
CS00032,C00506,C00506,U0030,U0030,장은서,전화,2026-03-16,20,,재상담예정,,
CS00033,C00538,C00538,U0083,U0083,홍태윤,전화,2026-06-28,10,,거절,,
CS00034,C00039,C00039,U0092,U0092,장은서,방문,2025-09-06,10,,재상담예정,추가 자료 요청,
CS00035,C00134,C00134,U0063,U0063,김서준,전화,2025-10-11,,비정상(0이하),계약희망,대출 상담 필요,
CS00036,C00066,C00066,U0069,U0069,조도윤,온라인,2025-10-01,20,,계약희망,추가 자료 요청,
CS00037,C00437,C00437,U0146,U0146,서주원,전화,2024-11-11,10,,보류,특약사항 확인 요청,
CS00038,C00056,C00056,,U9918,서주원,온라인,2024-03-10,45,,재상담예정,대출 상담 필요,unit
CS00039,C00323,C00323,U0143,U0143,안시윤,방문,2025-01-16,20,,재상담예정,추가 자료 요청,
CS00040,C00177,C00177,U0172,U0172,김서준,온라인,2025-12-08,15,,보류,현장 방문 예약,
CS00041,C00553,C00553,U0210,U0210,서주원,전화,2025-10-13,,비정상(0이하),계약희망,가격 재문의,
CS00042,C00489,C00489,U0046,U0046,전동현,전화,2025-06-11,,비정상(0이하),보류,타 단지와 비교 중,
CS00043,C00034,C00034,U0055,U0055,김서준,온라인,2024-06-13,20,,재상담예정,,
CS00044,C00468,C00468,U0108,U0108,장은서,방문,2025-11-17,15,,계약희망,,
CS00045,C00324,C00324,U0004,U0004,장은서,전화,2024-10-17,90,,재상담예정,현장 방문 예약,
CS00046,C00492,C00492,U0067,U0067,조도윤,전화,2024-10-26,,비정상(0이하),거절,층향 재문의,
CS00047,C00275,C00275,U0046,U0046,홍태윤,전화,2026-07-28,15,,계약희망,잔금 일정 문의,
CS00048,C00214,C00214,U0158,U0158,한지민,전화,2025-07-02,,비정상(0이하),재상담예정,특약사항 확인 요청,
CS00049,C00333,C00333,U0176,U0176,전동현,전화,2025-06-22,45,,재상담예정,가격 재문의,
CS00050,C00079,C00079,U0163,U0163,조도윤,전화,2024-06-24,10,,계약희망,대출 상담 필요,
CS00051,C00545,C00545,U0163,U0163,임동현,방문,2025-06-15,240,이상치(장시간),거절,가격 재문의,
CS00052,C00121,C00121,U0186,U0186,안시윤,전화,2024-07-17,15,,계약희망,타 단지와 비교 중,
CS00053,C00164,C00164,U0191,U0191,장채원,전화,2025-02-26,30,,계약희망,층향 재문의,
CS00054,C00215,C00215,U0063,U0063,임동현,전화,2024-06-19,,비정상(0이하),보류,잔금 일정 문의,
CS00055,C00103,C00103,U0155,U0155,전동현,전화,2024-11-10,45,,보류,잔금 일정 문의,
CS00056,C00438,C00438,U0203,U0203,전동현,전화,2025-02-08,30,,거절,추가 자료 요청,
CS00057,C00064,C00064,U0151,U0151,장은서,전화,2026-06-18,90,,거절,특약사항 확인 요청,
CS00058,C00481,C00481,U0219,U0219,김서준,전화,2024-09-23,20,,계약희망,대출 상담 필요,
CS00059,C00412,C00412,U0089,U0089,한지민,전화,2026-09-12,45,,재상담예정,가격 재문의,
CS00060,C00543,C00543,U0043,U0043,한지민,방문,2026-07-14,10,,재상담예정,층향 재문의,
CS00061,C00406,C00406,U0218,U0218,장채원,전화,2025-04-07,15,,재상담예정,층향 재문의,
CS00062,C00435,C00435,U0056,U0056,서주원,전화,2026-05-11,60,,계약희망,현장 방문 예약,
CS00063,C00513,C00513,U0127,U0127,김서준,전화,2025-08-06,20,,재상담예정,,
CS00064,C00445,C00445,U0026,U0026,임동현,전화,2026-07-14,90,,보류,전세 대비 비교 요청,
CS00065,C00040,C00040,U0021,U0021,장채원,SNS,2026-07-01,60,,재상담예정,,
CS00066,C00565,C00565,U0006,U0006,임동현,온라인,2026-07-18,,비정상(0이하),보류,타 단지와 비교 중,
CS00067,C00203,C00203,U0052,U0052,장채원,방문,2025-02-01,30,,계약희망,계약금 조율 필요,
CS00068,C00457,C00457,U0119,U0119,홍태윤,SNS,2024-10-27,60,,계약희망,가격 재문의,
CS00069,C00198,C00198,U0105,U0105,한지민,방문,2025-07-03,90,,계약희망,,
CS00070,C00310,C00310,U0113,U0113,전동현,전화,2026-01-10,90,,계약희망,,
CS00071,C00154,C00154,U0032,U0032,홍태윤,전화,2025-10-25,15,,거절,타 단지와 비교 중,
CS00072,C00443,C00443,U0054,U0054,장은서,방문,2025-11-23,15,,거절,특약사항 확인 요청,
CS00073,C00396,C00396,U0085,U0085,장채원,전화,2026-05-19,45,,보류,층향 재문의,
CS00074,,C99901,U0095,U0095,장채원,전화,2026-05-10,20,,재상담예정,,customer
CS00075,C00111,C00111,U0207,U0207,한지민,SNS,2024-10-10,90,,계약희망,잔금 일정 문의,
CS00076,C00018,C00018,U0067,U0067,김서준,방문,2026-12-28,,비정상(0이하),보류,특약사항 확인 요청,
CS00077,C00543,C00543,U0129,U0129,홍태윤,방문,2025-07-28,,비정상(0이하),계약희망,,
CS00078,C00046,C00046,U0080,U0080,임동현,전화,2024-05-20,15,,계약희망,,
CS00079,C00132,C00132,U0217,U0217,안시윤,전화,2026-04-24,30,,계약희망,특약사항 확인 요청,
CS00080,C00107,C00107,U0142,U0142,전동현,방문,2026-09-28,15,,보류,가족과 상의 후 재연락,
CS00081,C00599,C00599,U0047,U0047,홍태윤,전화,2026-04-08,,비정상(0이하),거절,층향 재문의,
CS00082,C00151,C00151,U0049,U0049,전동현,SNS,2024-03-17,45,,계약희망,계약금 조율 필요,
CS00083,C00138,C00138,U0201,U0201,서주원,방문,2026-02-07,,비정상(0이하),계약희망,층향 재문의,
CS00084,C00430,C00430,U0125,U0125,장은서,SNS,2024-10-14,15,,계약희망,계약금 조율 필요,
CS00085,C00157,C00157,U0105,U0105,조도윤,방문,2025-11-06,60,,거절,잔금 일정 문의,
CS00086,C00515,C00515,U0071,U0071,서주원,온라인,2026-05-21,,비정상(0이하),거절,층향 재문의,
CS00087,C00114,C00114,U0046,U0046,장은서,전화,2025-11-10,15,,계약희망,타 단지와 비교 중,
CS00088,C00592,C00592,U0196,U0196,조도윤,방문,2025-09-10,60,,계약희망,가족과 상의 후 재연락,
CS00089,C00364,C00364,U0083,U0083,장채원,온라인,2025-03-28,20,,계약희망,계약금 조율 필요,
CS00090,C00071,C00071,U0200,U0200,안시윤,온라인,2024-05-16,45,,거절,추가 자료 요청,
CS00091,C00311,C00311,U0109,U0109,전동현,전화,2025-01-25,90,,보류,계약금 조율 필요,
CS00092,,C99721,U0052,U0052,전동현,전화,2026-05-10,60,,재상담예정,특약사항 확인 요청,customer
CS00093,C00512,C00512,U0052,U0052,서주원,방문,2026-09-15,45,,재상담예정,추가 자료 요청,
CS00094,C00415,C00415,U0012,U0012,임동현,전화,2025-12-23,,비정상(0이하),계약희망,현장 방문 예약,
CS00095,C00483,C00483,U0164,U0164,서주원,방문,2026-06-15,45,,계약희망,특약사항 확인 요청,
CS00096,C00082,C00082,U0039,U0039,장은서,SNS,2026-04-18,15,,계약희망,,
CS00097,C00229,C00229,U0210,U0210,안시윤,전화,2024-03-25,15,,재상담예정,추가 자료 요청,
CS00098,C00314,C00314,U0120,U0120,한지민,전화,2025-06-07,45,,재상담예정,현장 방문 예약,
CS00099,C00166,C00166,U0205,U0205,전동현,전화,2026-01-17,60,,계약희망,특약사항 확인 요청,
CS00100,C00196,C00196,U0148,U0148,서주원,방문,2024-12-03,240,이상치(장시간),계약희망,대출 상담 필요,
CS00101,C00549,C00549,U0157,U0157,한지민,방문,2024-02-25,90,,보류,,
CS00102,C00250,C00250,U0166,U0166,전동현,전화,2025-09-25,90,,계약희망,전세 대비 비교 요청,
CS00103,,C99230,U0083,U0083,조도윤,방문,2025-04-19,60,,보류,전세 대비 비교 요청,customer
CS00104,C00584,C00584,U0184,U0184,임동현,전화,2024-04-25,20,,계약희망,전세 대비 비교 요청,
CS00105,C00496,C00496,U0139,U0139,임동현,SNS,2024-06-28,60,,재상담예정,잔금 일정 문의,
CS00106,C00460,C00460,U0056,U0056,김서준,전화,2024-03-15,15,,보류,현장 방문 예약,
CS00107,C00479,C00479,U0103,U0103,서주원,온라인,2025-10-27,15,,계약희망,추가 자료 요청,
CS00108,C00182,C00182,U0194,U0194,안시윤,전화,2025-12-20,60,,계약희망,특약사항 확인 요청,
CS00109,C00465,C00465,U0029,U0029,김서준,방문,2024-01-13,90,,거절,대출 상담 필요,
CS00110,C00221,C00221,U0167,U0167,장은서,전화,2026-02-21,90,,거절,추가 자료 요청,
CS00111,C00530,C00530,U0217,U0217,홍태윤,온라인,2026-01-05,,비정상(0이하),계약희망,가격 재문의,
CS00112,C00146,C00146,U0190,U0190,김서준,온라인,2025-10-14,20,,보류,추가 자료 요청,
CS00113,C00489,C00489,U0029,U0029,김서준,전화,2024-08-07,45,,거절,전세 대비 비교 요청,
CS00114,,C99026,,U9960,김서준,전화,2024-12-28,20,,계약희망,추가 자료 요청,"customer,unit"
CS00115,C00539,C00539,,U9928,장은서,방문,2024-07-03,15,,계약희망,계약금 조율 필요,unit
CS00116,C00077,C00077,U0208,U0208,홍태윤,전화,2025-08-16,45,,거절,전세 대비 비교 요청,
CS00117,C00234,C00234,U0192,U0192,조도윤,온라인,2026-04-05,30,,보류,가족과 상의 후 재연락,
CS00118,C00273,C00273,U0184,U0184,한지민,온라인,2026-02-08,30,,거절,특약사항 확인 요청,
CS00119,C00338,C00338,U0134,U0134,안시윤,온라인,2025-03-11,90,,계약희망,추가 자료 요청,
CS00120,C00551,C00551,U0204,U0204,임동현,온라인,2024-01-05,10,,계약희망,전세 대비 비교 요청,
CS00121,C00468,C00468,U0089,U0089,장은서,전화,2026-07-15,30,,계약희망,추가 자료 요청,
CS00122,C00179,C00179,U0132,U0132,장은서,방문,2025-03-09,60,,거절,층향 재문의,
CS00123,C00106,C00106,U0094,U0094,임동현,방문,2024-09-05,15,,계약희망,층향 재문의,
CS00124,C00396,C00396,U0089,U0089,홍태윤,전화,2025-09-03,,비정상(0이하),계약희망,가족과 상의 후 재연락,
CS00125,C00301,C00301,U0057,U0057,조도윤,온라인,2024-12-24,60,,계약희망,층향 재문의,
CS00126,C00359,C00359,U0093,U0093,홍태윤,방문,2026-09-06,60,,계약희망,가족과 상의 후 재연락,
CS00127,C00242,C00242,U0157,U0157,한지민,전화,2024-05-02,90,,재상담예정,계약금 조율 필요,
CS00128,C00401,C00401,U0185,U0185,한지민,SNS,2024-02-09,,비정상(0이하),계약희망,전세 대비 비교 요청,
CS00129,C00282,C00282,U0106,U0106,김서준,온라인,2025-03-25,30,,재상담예정,전세 대비 비교 요청,
CS00130,C00592,C00592,U0090,U0090,장채원,온라인,2025-03-13,15,,거절,특약사항 확인 요청,
CS00131,C00028,C00028,U0134,U0134,임동현,방문,2024-11-20,,비정상(0이하),계약희망,층향 재문의,
CS00132,C00390,C00390,U0019,U0019,김서준,전화,2026-06-09,10,,재상담예정,전세 대비 비교 요청,
CS00133,C00596,C00596,U0178,U0178,서주원,방문,2025-05-08,,비정상(0이하),계약희망,전세 대비 비교 요청,
CS00134,C00372,C00372,U0218,U0218,서주원,전화,2026-07-14,10,,거절,잔금 일정 문의,
CS00135,C00090,C00090,U0171,U0171,장은서,SNS,2025-02-01,15,,보류,전세 대비 비교 요청,
CS00136,C00221,C00221,U0027,U0027,장채원,전화,2026-08-18,240,이상치(장시간),재상담예정,가격 재문의,
CS00137,C00024,C00024,U0215,U0215,임동현,전화,2024-10-04,15,,계약희망,현장 방문 예약,
CS00138,C00048,C00048,U0011,U0011,전동현,전화,2025-08-19,,비정상(0이하),재상담예정,,
CS00139,C00377,C00377,,U9942,장은서,전화,2024-05-14,10,,거절,특약사항 확인 요청,unit
CS00140,C00294,C00294,U0201,U0201,홍태윤,SNS,2025-12-21,45,,계약희망,,
CS00141,C00083,C00083,U0193,U0193,안시윤,전화,2024-08-28,15,,보류,특약사항 확인 요청,
CS00142,C00464,C00464,U0185,U0185,홍태윤,전화,2025-06-20,,비정상(0이하),재상담예정,특약사항 확인 요청,
CS00143,C00516,C00516,U0093,U0093,임동현,전화,2024-06-01,15,,계약희망,잔금 일정 문의,
CS00144,C00470,C00470,U0102,U0102,장채원,전화,2024-04-03,15,,보류,추가 자료 요청,
CS00145,C00033,C00033,U0102,U0102,장채원,방문,2025-02-28,45,,보류,계약금 조율 필요,
CS00146,C00264,C00264,U0040,U0040,임동현,SNS,2025-01-16,30,,재상담예정,,
CS00147,C00081,C00081,U0076,U0076,김서준,SNS,2024-10-16,,비정상(0이하),계약희망,전세 대비 비교 요청,
CS00148,C00322,C00322,U0100,U0100,김서준,전화,2026-06-26,45,,보류,특약사항 확인 요청,
CS00149,C00357,C00357,U0178,U0178,장채원,온라인,2026-04-26,,비정상(0이하),재상담예정,층향 재문의,
CS00150,C00532,C00532,U0212,U0212,임동현,방문,2026-06-23,,비정상(0이하),계약희망,계약금 조율 필요,
CS00151,C00559,C00559,U0152,U0152,조도윤,전화,2024-01-18,,비정상(0이하),재상담예정,추가 자료 요청,
CS00152,C00018,C00018,U0091,U0091,전동현,방문,2026-05-19,45,,보류,현장 방문 예약,
CS00153,C00032,C00032,U0080,U0080,장채원,전화,2026-05-11,30,,계약희망,특약사항 확인 요청,
CS00154,C00334,C00334,U0014,U0014,장채원,방문,2025-10-04,15,,보류,추가 자료 요청,
CS00155,C00368,C00368,U0154,U0154,서주원,전화,2024-03-01,,비정상(0이하),계약희망,추가 자료 요청,
CS00156,C00304,C00304,U0098,U0098,한지민,전화,2024-06-06,15,,거절,계약금 조율 필요,
CS00157,C00195,C00195,U0103,U0103,안시윤,방문,2025-11-21,15,,계약희망,잔금 일정 문의,
CS00158,C00045,C00045,U0016,U0016,홍태윤,전화,2024-11-12,15,,계약희망,가격 재문의,
CS00159,C00023,C00023,,U9972,홍태윤,SNS,2026-06-28,15,,재상담예정,타 단지와 비교 중,unit
CS00160,C00373,C00373,U0089,U0089,장채원,온라인,2026-03-20,60,,보류,층향 재문의,
CS00161,C00258,C00258,U0114,U0114,한지민,전화,2024-09-26,15,,보류,전세 대비 비교 요청,
CS00162,C00597,C00597,U0026,U0026,장은서,전화,2026-03-20,60,,계약희망,,
CS00163,C00270,C00270,U0064,U0064,전동현,전화,2024-08-07,90,,계약희망,대출 상담 필요,
CS00164,C00375,C00375,U0168,U0168,조도윤,전화,2026-10-19,,비정상(0이하),보류,잔금 일정 문의,
CS00165,C00596,C00596,U0196,U0196,김서준,방문,2026-07-13,90,,재상담예정,대출 상담 필요,
CS00166,C00083,C00083,U0157,U0157,조도윤,전화,2025-05-25,10,,거절,전세 대비 비교 요청,
CS00167,C00364,C00364,U0165,U0165,한지민,전화,2024-09-01,10,,계약희망,,
CS00168,C00221,C00221,U0135,U0135,임동현,방문,2026-06-22,10,,보류,가족과 상의 후 재연락,
CS00169,C00386,C00386,U0053,U0053,전동현,전화,2026-11-20,10,,계약희망,잔금 일정 문의,
CS00170,C00023,C00023,U0169,U0169,안시윤,전화,2025-03-13,30,,계약희망,가족과 상의 후 재연락,
CS00171,C00286,C00286,U0109,U0109,한지민,전화,2026-11-10,30,,재상담예정,현장 방문 예약,
CS00172,C00381,C00381,U0049,U0049,김서준,전화,2025-05-20,10,,재상담예정,타 단지와 비교 중,
CS00173,C00019,C00019,U0030,U0030,안시윤,온라인,2025-02-06,,비정상(0이하),거절,,
CS00174,C00284,C00284,U0074,U0074,김서준,SNS,2026-05-04,15,,계약희망,계약금 조율 필요,
CS00175,C00392,C00392,U0010,U0010,김서준,온라인,2024-02-08,10,,계약희망,가족과 상의 후 재연락,
CS00176,C00088,C00088,U0113,U0113,조도윤,SNS,2025-10-25,10,,거절,가격 재문의,
CS00177,,C99156,U0088,U0088,임동현,전화,2025-03-12,,비정상(0이하),보류,잔금 일정 문의,customer
CS00178,C00548,C00548,U0048,U0048,전동현,방문,2025-11-24,,비정상(0이하),계약희망,층향 재문의,
CS00179,C00113,C00113,U0037,U0037,김서준,전화,2025-01-04,15,,보류,추가 자료 요청,
CS00180,C00083,C00083,U0037,U0037,전동현,전화,2026-04-01,90,,계약희망,대출 상담 필요,
CS00181,C00547,C00547,U0010,U0010,장채원,전화,2024-01-21,,비정상(0이하),계약희망,현장 방문 예약,
CS00182,C00518,C00518,U0061,U0061,장은서,온라인,2026-05-12,,비정상(0이하),거절,가족과 상의 후 재연락,
CS00183,C00078,C00078,U0188,U0188,전동현,전화,2025-05-06,60,,보류,가격 재문의,
CS00184,C00591,C00591,U0139,U0139,임동현,전화,2025-03-27,60,,재상담예정,계약금 조율 필요,
CS00185,C00003,C00003,U0100,U0100,홍태윤,SNS,2025-06-22,90,,보류,전세 대비 비교 요청,
CS00186,C00368,C00368,U0187,U0187,김서준,전화,2026-06-15,,비정상(0이하),보류,현장 방문 예약,
CS00187,C00081,C00081,U0139,U0139,임동현,SNS,2025-10-14,10,,보류,,
CS00188,C00317,C00317,U0111,U0111,김서준,온라인,2025-01-23,30,,계약희망,타 단지와 비교 중,
CS00189,C00442,C00442,U0206,U0206,홍태윤,방문,2025-06-15,30,,계약희망,층향 재문의,
CS00190,C00325,C00325,U0174,U0174,전동현,전화,2024-02-01,10,,거절,특약사항 확인 요청,
CS00191,C00307,C00307,U0055,U0055,장채원,방문,2024-06-20,60,,보류,잔금 일정 문의,
CS00192,C00131,C00131,U0144,U0144,조도윤,전화,2024-03-14,15,,재상담예정,추가 자료 요청,
CS00193,C00350,C00350,U0064,U0064,전동현,온라인,2026-03-15,15,,재상담예정,현장 방문 예약,
CS00194,C00540,C00540,U0006,U0006,홍태윤,방문,2025-08-19,240,이상치(장시간),재상담예정,,
CS00195,C00593,C00593,U0087,U0087,장채원,전화,2025-02-06,20,,보류,대출 상담 필요,
CS00196,C00352,C00352,U0083,U0083,전동현,전화,2024-06-20,,비정상(0이하),거절,잔금 일정 문의,
CS00197,C00508,C00508,U0134,U0134,전동현,SNS,2024-08-11,20,,거절,계약금 조율 필요,
CS00198,C00490,C00490,U0070,U0070,안시윤,전화,2026-08-22,15,,계약희망,추가 자료 요청,
CS00199,,C99389,U0052,U0052,김서준,전화,2025-07-02,45,,계약희망,현장 방문 예약,customer
CS00200,C00145,C00145,U0034,U0034,장은서,전화,2026-05-18,30,,재상담예정,,
CS00201,C00267,C00267,U0082,U0082,서주원,SNS,2024-01-26,20,,계약희망,타 단지와 비교 중,
CS00202,C00448,C00448,U0200,U0200,안시윤,방문,2024-01-24,10,,재상담예정,,
CS00203,C00250,C00250,U0028,U0028,서주원,온라인,2024-12-05,30,,계약희망,현장 방문 예약,
CS00204,C00460,C00460,U0184,U0184,장은서,SNS,2025-11-17,30,,재상담예정,전세 대비 비교 요청,
CS00205,C00336,C00336,U0188,U0188,전동현,방문,2024-08-06,,비정상(0이하),거절,타 단지와 비교 중,
CS00206,C00387,C00387,U0049,U0049,안시윤,SNS,2026-02-07,20,,계약희망,잔금 일정 문의,
CS00207,C00434,C00434,U0164,U0164,임동현,전화,2025-05-27,60,,거절,잔금 일정 문의,
CS00208,C00005,C00005,U0017,U0017,서주원,방문,2026-01-20,90,,계약희망,특약사항 확인 요청,
CS00209,C00538,C00538,U0093,U0093,한지민,전화,2026-11-03,240,이상치(장시간),재상담예정,특약사항 확인 요청,
CS00210,C00034,C00034,U0126,U0126,홍태윤,전화,2026-04-08,240,이상치(장시간),재상담예정,계약금 조율 필요,
CS00211,C00136,C00136,U0204,U0204,장은서,온라인,2025-08-28,,비정상(0이하),재상담예정,가격 재문의,
CS00212,C00021,C00021,U0098,U0098,전동현,전화,2026-03-13,60,,보류,타 단지와 비교 중,
CS00213,C00415,C00415,U0056,U0056,안시윤,SNS,2025-08-05,45,,보류,잔금 일정 문의,
CS00214,C00461,C00461,U0049,U0049,홍태윤,방문,2026-08-14,90,,계약희망,특약사항 확인 요청,
CS00215,C00007,C00007,U0083,U0083,조도윤,방문,2026-05-05,30,,재상담예정,계약금 조율 필요,
CS00216,C00434,C00434,U0162,U0162,김서준,방문,2026-05-22,240,이상치(장시간),계약희망,잔금 일정 문의,
CS00217,C00403,C00403,U0207,U0207,서주원,전화,2024-06-19,,비정상(0이하),재상담예정,가족과 상의 후 재연락,
CS00218,C00271,C00271,U0177,U0177,조도윤,전화,2025-11-16,45,,거절,추가 자료 요청,
CS00219,C00368,C00368,U0083,U0083,장채원,SNS,2026-04-23,240,이상치(장시간),보류,계약금 조율 필요,
CS00220,C00265,C00265,U0005,U0005,장채원,전화,2024-07-25,20,,재상담예정,전세 대비 비교 요청,
CS00221,C00360,C00360,U0100,U0100,전동현,방문,2025-12-05,60,,계약희망,특약사항 확인 요청,
CS00222,C00074,C00074,U0124,U0124,장채원,SNS,2025-06-16,60,,보류,전세 대비 비교 요청,
CS00223,C00014,C00014,U0188,U0188,한지민,SNS,2024-09-26,,비정상(0이하),재상담예정,추가 자료 요청,
CS00224,C00028,C00028,U0053,U0053,서주원,전화,2024-01-21,90,,보류,계약금 조율 필요,
CS00225,C00498,C00498,U0041,U0041,한지민,SNS,2025-02-09,,비정상(0이하),재상담예정,잔금 일정 문의,
CS00226,C00394,C00394,U0083,U0083,조도윤,방문,2024-01-28,60,,거절,추가 자료 요청,
CS00227,C00586,C00586,U0161,U0161,장채원,전화,2025-07-06,60,,거절,전세 대비 비교 요청,
CS00228,C00011,C00011,U0131,U0131,서주원,방문,2026-12-05,,비정상(0이하),계약희망,타 단지와 비교 중,
CS00229,C00091,C00091,U0093,U0093,서주원,방문,2025-02-14,60,,계약희망,층향 재문의,
CS00230,C00207,C00207,U0102,U0102,장은서,온라인,2026-02-27,30,,보류,가족과 상의 후 재연락,
CS00231,C00375,C00375,,U9982,전동현,SNS,2026-04-16,10,,보류,타 단지와 비교 중,unit
CS00232,C00455,C00455,U0100,U0100,한지민,방문,2026-07-01,,비정상(0이하),재상담예정,층향 재문의,
CS00233,C00510,C00510,U0151,U0151,안시윤,방문,2024-10-16,10,,거절,층향 재문의,
CS00234,C00148,C00148,U0039,U0039,한지민,전화,2026-12-20,45,,보류,가족과 상의 후 재연락,
CS00235,C00371,C00371,U0051,U0051,장은서,전화,2025-07-04,45,,계약희망,현장 방문 예약,
CS00236,C00235,C00235,U0011,U0011,임동현,전화,2024-12-28,30,,보류,전세 대비 비교 요청,
CS00237,C00131,C00131,U0014,U0014,임동현,전화,2024-10-27,45,,보류,타 단지와 비교 중,
CS00238,C00393,C00393,U0185,U0185,홍태윤,방문,2025-08-13,240,이상치(장시간),계약희망,잔금 일정 문의,
CS00239,C00294,C00294,U0028,U0028,한지민,전화,2024-10-02,10,,재상담예정,추가 자료 요청,
CS00240,C00575,C00575,U0025,U0025,안시윤,방문,2024-11-07,90,,계약희망,잔금 일정 문의,
CS00241,C00079,C00079,U0078,U0078,장은서,온라인,2025-04-04,10,,보류,계약금 조율 필요,
CS00242,C00169,C00169,U0070,U0070,홍태윤,SNS,2026-10-16,15,,재상담예정,가격 재문의,
CS00243,C00185,C00185,U0213,U0213,서주원,전화,2024-01-19,10,,재상담예정,가족과 상의 후 재연락,
CS00244,,C99278,U0049,U0049,장채원,전화,2025-01-21,10,,재상담예정,가족과 상의 후 재연락,customer
CS00245,C00359,C00359,U0023,U0023,안시윤,전화,2025-08-18,20,,계약희망,타 단지와 비교 중,
CS00246,C00596,C00596,U0089,U0089,안시윤,전화,2026-07-12,,비정상(0이하),재상담예정,,
CS00247,C00387,C00387,U0111,U0111,장은서,방문,2025-03-11,60,,보류,가격 재문의,
CS00248,C00135,C00135,U0161,U0161,장채원,온라인,2025-09-21,20,,보류,추가 자료 요청,
CS00249,C00166,C00166,U0108,U0108,서주원,전화,2026-09-02,,비정상(0이하),계약희망,,
CS00250,C00148,C00148,U0176,U0176,안시윤,전화,2025-08-04,60,,재상담예정,가족과 상의 후 재연락,
CS00251,C00381,C00381,U0105,U0105,홍태윤,SNS,2024-04-21,,비정상(0이하),계약희망,대출 상담 필요,
CS00252,C00216,C00216,U0019,U0019,한지민,SNS,2025-04-25,90,,계약희망,가족과 상의 후 재연락,
CS00253,,C99302,U0031,U0031,장은서,방문,2026-02-03,45,,거절,,customer
CS00254,,C99611,U0077,U0077,장채원,방문,2025-04-10,90,,계약희망,가격 재문의,customer
CS00255,C00233,C00233,U0128,U0128,김서준,방문,2024-05-23,,비정상(0이하),계약희망,전세 대비 비교 요청,
CS00256,C00053,C00053,U0176,U0176,서주원,방문,2024-07-02,,비정상(0이하),계약희망,대출 상담 필요,
CS00257,C00246,C00246,U0184,U0184,임동현,방문,2024-08-13,60,,계약희망,추가 자료 요청,
CS00258,C00563,C00563,U0106,U0106,조도윤,방문,2026-03-19,10,,재상담예정,잔금 일정 문의,
CS00259,C00149,C00149,U0138,U0138,조도윤,방문,2024-05-19,15,,거절,타 단지와 비교 중,
CS00260,C00496,C00496,U0085,U0085,임동현,방문,2026-03-27,15,,계약희망,현장 방문 예약,
CS00261,C00554,C00554,U0012,U0012,장은서,SNS,2024-06-28,240,이상치(장시간),계약희망,대출 상담 필요,
CS00262,C00148,C00148,U0190,U0190,장은서,전화,2026-10-01,,비정상(0이하),재상담예정,가격 재문의,
CS00263,C00539,C00539,U0095,U0095,한지민,전화,2024-07-16,10,,재상담예정,대출 상담 필요,
CS00264,C00046,C00046,U0171,U0171,서주원,전화,2025-09-08,20,,보류,,
CS00265,C00352,C00352,U0140,U0140,장채원,전화,2025-08-03,20,,보류,가족과 상의 후 재연락,
CS00266,C00121,C00121,U0192,U0192,전동현,방문,2024-06-02,,비정상(0이하),거절,전세 대비 비교 요청,
CS00267,,C99901,U0208,U0208,임동현,방문,2024-08-26,30,,보류,대출 상담 필요,customer
CS00268,C00445,C00445,U0163,U0163,조도윤,온라인,2024-03-22,20,,계약희망,계약금 조율 필요,
CS00269,C00391,C00391,U0019,U0019,안시윤,SNS,2024-11-25,90,,재상담예정,가격 재문의,
CS00270,C00285,C00285,U0083,U0083,김서준,방문,2024-04-22,60,,보류,추가 자료 요청,
CS00271,C00058,C00058,U0203,U0203,임동현,전화,2025-11-28,20,,계약희망,현장 방문 예약,
CS00272,C00277,C00277,U0017,U0017,안시윤,전화,2026-03-25,10,,재상담예정,,
CS00273,C00403,C00403,U0138,U0138,김서준,온라인,2025-08-17,,비정상(0이하),계약희망,추가 자료 요청,
CS00274,C00552,C00552,U0137,U0137,한지민,전화,2026-02-09,45,,보류,특약사항 확인 요청,
CS00275,C00530,C00530,U0145,U0145,조도윤,전화,2025-04-27,60,,계약희망,현장 방문 예약,
CS00276,C00147,C00147,U0202,U0202,조도윤,전화,2026-05-07,60,,계약희망,층향 재문의,
CS00277,C00031,C00031,U0186,U0186,안시윤,온라인,2026-04-07,240,이상치(장시간),재상담예정,특약사항 확인 요청,
CS00278,C00246,C00246,U0184,U0184,홍태윤,전화,2026-08-18,60,,거절,대출 상담 필요,
CS00279,C00376,C00376,,U9924,장채원,전화,2025-08-15,,비정상(0이하),재상담예정,가족과 상의 후 재연락,unit
CS00280,C00360,C00360,U0110,U0110,김서준,전화,2025-10-04,,비정상(0이하),보류,타 단지와 비교 중,
CS00281,C00042,C00042,U0206,U0206,조도윤,전화,2024-02-09,15,,재상담예정,가족과 상의 후 재연락,
CS00282,C00496,C00496,U0146,U0146,한지민,전화,2024-06-20,45,,계약희망,전세 대비 비교 요청,
CS00283,C00364,C00364,U0142,U0142,장채원,전화,2024-03-01,,비정상(0이하),보류,현장 방문 예약,
CS00284,C00060,C00060,U0005,U0005,한지민,방문,2024-10-24,240,이상치(장시간),재상담예정,가족과 상의 후 재연락,
CS00285,C00457,C00457,U0043,U0043,임동현,전화,2024-05-04,10,,계약희망,현장 방문 예약,
CS00286,C00405,C00405,U0026,U0026,홍태윤,전화,2025-12-15,,비정상(0이하),재상담예정,가격 재문의,
CS00287,C00222,C00222,U0053,U0053,안시윤,전화,2025-07-26,,비정상(0이하),계약희망,현장 방문 예약,
CS00288,C00387,C00387,U0096,U0096,홍태윤,전화,2024-10-27,90,,거절,현장 방문 예약,
CS00289,C00397,C00397,U0075,U0075,장채원,SNS,2025-10-16,10,,계약희망,계약금 조율 필요,
CS00290,C00527,C00527,U0089,U0089,김서준,방문,2024-08-14,,비정상(0이하),거절,가족과 상의 후 재연락,
CS00291,C00522,C00522,U0067,U0067,조도윤,SNS,2024-04-28,240,이상치(장시간),재상담예정,특약사항 확인 요청,
CS00292,C00094,C00094,U0024,U0024,전동현,전화,2024-02-20,,비정상(0이하),재상담예정,타 단지와 비교 중,
CS00293,C00187,C00187,U0112,U0112,홍태윤,방문,2024-04-14,45,,계약희망,가격 재문의,
CS00294,C00165,C00165,U0201,U0201,장은서,전화,2026-03-10,,비정상(0이하),보류,가격 재문의,
CS00295,C00516,C00516,U0020,U0020,조도윤,방문,2024-05-27,20,,계약희망,특약사항 확인 요청,
CS00296,C00388,C00388,U0048,U0048,한지민,전화,2024-06-28,20,,계약희망,현장 방문 예약,
CS00297,C00500,C00500,U0121,U0121,안시윤,전화,2024-04-28,240,이상치(장시간),재상담예정,타 단지와 비교 중,
CS00298,C00318,C00318,U0042,U0042,전동현,전화,2024-02-13,20,,재상담예정,,
CS00299,C00105,C00105,U0186,U0186,안시윤,전화,2026-08-21,,비정상(0이하),계약희망,현장 방문 예약,
CS00300,C00206,C00206,U0128,U0128,안시윤,전화,2024-04-03,240,이상치(장시간),재상담예정,현장 방문 예약,
CS00301,C00374,C00374,U0081,U0081,장은서,온라인,2024-04-14,20,,거절,현장 방문 예약,
CS00302,C00323,C00323,U0059,U0059,장은서,전화,2025-08-13,,비정상(0이하),재상담예정,타 단지와 비교 중,
CS00303,C00449,C00449,U0063,U0063,전동현,전화,2026-02-10,60,,재상담예정,,
CS00304,C00490,C00490,U0076,U0076,장은서,방문,2026-09-16,10,,보류,잔금 일정 문의,
CS00305,C00092,C00092,U0026,U0026,전동현,SNS,2026-09-09,10,,거절,가격 재문의,
CS00306,C00008,C00008,U0205,U0205,안시윤,전화,2025-10-11,45,,계약희망,대출 상담 필요,
CS00307,C00163,C00163,U0111,U0111,장채원,방문,2024-11-25,,비정상(0이하),보류,현장 방문 예약,
CS00308,C00250,C00250,U0113,U0113,임동현,방문,2026-05-05,20,,거절,현장 방문 예약,
CS00309,C00475,C00475,,U9917,김서준,온라인,2024-07-19,30,,계약희망,잔금 일정 문의,unit
CS00310,,C99067,U0042,U0042,임동현,방문,2025-12-16,15,,보류,,customer
CS00311,C00115,C00115,U0172,U0172,장은서,전화,2025-10-24,60,,계약희망,추가 자료 요청,
CS00312,C00250,C00250,U0084,U0084,조도윤,전화,2026-11-27,240,이상치(장시간),보류,가족과 상의 후 재연락,
CS00313,C00527,C00527,U0070,U0070,전동현,전화,2026-05-16,90,,거절,대출 상담 필요,
CS00314,C00018,C00018,U0217,U0217,조도윤,전화,2024-08-05,15,,재상담예정,현장 방문 예약,
CS00315,C00593,C00593,U0021,U0021,안시윤,전화,2026-08-22,15,,재상담예정,타 단지와 비교 중,
CS00316,C00265,C00265,U0008,U0008,장은서,방문,2025-02-10,30,,재상담예정,전세 대비 비교 요청,
CS00317,C00314,C00314,U0218,U0218,안시윤,온라인,2024-10-26,20,,계약희망,현장 방문 예약,
CS00318,C00273,C00273,U0022,U0022,장은서,방문,2024-03-18,90,,보류,가격 재문의,
CS00319,C00426,C00426,U0009,U0009,장채원,방문,2025-11-22,60,,거절,대출 상담 필요,
CS00320,C00142,C00142,U0022,U0022,홍태윤,전화,2026-01-27,30,,재상담예정,대출 상담 필요,
CS00321,C00438,C00438,U0158,U0158,서주원,방문,2024-10-10,20,,거절,타 단지와 비교 중,
CS00322,C00167,C00167,U0156,U0156,홍태윤,방문,2025-01-13,60,,거절,층향 재문의,
CS00323,C00464,C00464,U0181,U0181,안시윤,SNS,2025-04-26,45,,보류,가격 재문의,
CS00324,C00598,C00598,U0031,U0031,한지민,전화,2025-03-05,15,,계약희망,가족과 상의 후 재연락,
CS00325,C00407,C00407,U0032,U0032,한지민,SNS,2026-11-18,240,이상치(장시간),계약희망,특약사항 확인 요청,
CS00326,C00528,C00528,U0089,U0089,장은서,방문,2024-05-13,20,,재상담예정,추가 자료 요청,
CS00327,C00530,C00530,U0209,U0209,장채원,온라인,2026-07-22,60,,거절,현장 방문 예약,
CS00328,C00035,C00035,U0086,U0086,장은서,전화,2024-04-17,240,이상치(장시간),보류,현장 방문 예약,
CS00329,C00142,C00142,U0162,U0162,전동현,방문,2025-10-12,60,,계약희망,가족과 상의 후 재연락,
CS00330,C00261,C00261,U0175,U0175,조도윤,전화,2026-12-17,45,,계약희망,전세 대비 비교 요청,
CS00331,C00033,C00033,U0198,U0198,조도윤,전화,2024-08-24,240,이상치(장시간),재상담예정,가격 재문의,
CS00332,C00476,C00476,U0105,U0105,장은서,SNS,2024-08-27,90,,계약희망,가족과 상의 후 재연락,
CS00333,C00518,C00518,U0167,U0167,김서준,전화,2024-11-19,45,,계약희망,가족과 상의 후 재연락,
CS00334,C00518,C00518,U0001,U0001,김서준,전화,2024-05-18,,비정상(0이하),거절,전세 대비 비교 요청,
CS00335,C00130,C00130,U0149,U0149,임동현,전화,2026-09-10,15,,거절,타 단지와 비교 중,
CS00336,C00193,C00193,U0004,U0004,장은서,전화,2024-06-21,30,,거절,타 단지와 비교 중,
CS00337,C00501,C00501,U0107,U0107,안시윤,방문,2025-04-24,20,,거절,잔금 일정 문의,
CS00338,C00387,C00387,U0164,U0164,임동현,방문,2024-02-28,10,,거절,타 단지와 비교 중,
CS00339,C00379,C00379,U0087,U0087,장은서,전화,2026-08-17,15,,거절,대출 상담 필요,
CS00340,C00327,C00327,U0207,U0207,서주원,방문,2025-12-01,240,이상치(장시간),보류,층향 재문의,
CS00341,C00017,C00017,U0194,U0194,김서준,방문,2024-06-28,90,,재상담예정,가족과 상의 후 재연락,
CS00342,C00573,C00573,U0164,U0164,임동현,방문,2026-12-23,15,,재상담예정,현장 방문 예약,
CS00343,C00083,C00083,U0051,U0051,장채원,전화,2024-08-07,10,,거절,,
CS00344,C00186,C00186,,U9940,장채원,방문,2025-02-05,15,,재상담예정,계약금 조율 필요,unit
CS00345,C00534,C00534,U0186,U0186,안시윤,SNS,2024-10-26,10,,재상담예정,잔금 일정 문의,
CS00346,C00142,C00142,U0015,U0015,김서준,온라인,2026-03-23,45,,재상담예정,대출 상담 필요,
CS00347,C00128,C00128,U0128,U0128,한지민,전화,2025-07-01,10,,보류,층향 재문의,
CS00348,C00217,C00217,U0026,U0026,안시윤,방문,2024-05-25,60,,계약희망,대출 상담 필요,
CS00349,C00030,C00030,U0080,U0080,조도윤,전화,2026-09-28,15,,거절,대출 상담 필요,
CS00350,C00307,C00307,U0011,U0011,한지민,전화,2025-02-22,60,,계약희망,가격 재문의,
CS00351,C00444,C00444,U0011,U0011,한지민,온라인,2025-07-18,15,,계약희망,가족과 상의 후 재연락,
CS00352,C00245,C00245,U0048,U0048,전동현,방문,2026-12-28,15,,보류,타 단지와 비교 중,
CS00353,C00102,C00102,,U9966,장은서,SNS,2025-10-26,30,,계약희망,,unit
CS00354,C00395,C00395,U0136,U0136,장채원,전화,2024-07-19,90,,계약희망,대출 상담 필요,
CS00355,C00326,C00326,U0155,U0155,한지민,온라인,2024-07-19,30,,계약희망,대출 상담 필요,
CS00356,C00294,C00294,U0011,U0011,김서준,온라인,2024-12-02,15,,거절,대출 상담 필요,
CS00357,,C99215,U0184,U0184,안시윤,SNS,2026-01-14,15,,보류,추가 자료 요청,customer
CS00358,C00413,C00413,U0084,U0084,장은서,SNS,2025-11-17,45,,보류,가족과 상의 후 재연락,
CS00359,C00410,C00410,U0171,U0171,한지민,전화,2026-04-16,,비정상(0이하),재상담예정,계약금 조율 필요,
CS00360,C00002,C00002,U0214,U0214,김서준,방문,2025-09-10,30,,보류,잔금 일정 문의,
CS00361,C00179,C00179,,U9997,안시윤,전화,2026-02-19,,비정상(0이하),재상담예정,가족과 상의 후 재연락,unit
CS00362,C00348,C00348,U0100,U0100,전동현,SNS,2025-04-15,20,,재상담예정,가족과 상의 후 재연락,
CS00363,C00462,C00462,U0038,U0038,서주원,전화,2026-06-17,45,,계약희망,잔금 일정 문의,
CS00364,,C99580,U0028,U0028,조도윤,온라인,2025-05-26,30,,계약희망,가격 재문의,customer
CS00365,C00258,C00258,U0084,U0084,전동현,방문,2026-07-19,60,,거절,추가 자료 요청,
CS00366,C00027,C00027,U0206,U0206,장채원,전화,2024-11-13,240,이상치(장시간),계약희망,가족과 상의 후 재연락,
CS00367,C00323,C00323,U0220,U0220,장은서,SNS,2025-04-18,60,,계약희망,가격 재문의,
CS00368,C00319,C00319,U0036,U0036,조도윤,방문,2024-04-15,90,,재상담예정,추가 자료 요청,
CS00369,C00500,C00500,U0055,U0055,장채원,전화,2024-01-09,10,,계약희망,계약금 조율 필요,
CS00370,C00271,C00271,U0061,U0061,조도윤,SNS,2024-05-26,240,이상치(장시간),거절,층향 재문의,
CS00371,C00573,C00573,U0179,U0179,안시윤,방문,2025-04-26,90,,보류,전세 대비 비교 요청,
CS00372,,C99713,U0090,U0090,전동현,방문,2025-09-23,20,,계약희망,가격 재문의,customer
CS00373,C00480,C00480,U0211,U0211,임동현,SNS,2026-01-24,20,,재상담예정,가격 재문의,
CS00374,C00518,C00518,U0035,U0035,한지민,전화,2026-12-07,60,,보류,계약금 조율 필요,
CS00375,,C99383,U0009,U0009,홍태윤,SNS,2026-07-04,15,,계약희망,현장 방문 예약,customer
CS00376,C00499,C00499,U0043,U0043,장채원,전화,2026-12-18,,비정상(0이하),보류,전세 대비 비교 요청,
CS00377,C00315,C00315,U0056,U0056,한지민,전화,2025-03-20,,비정상(0이하),보류,추가 자료 요청,
CS00378,C00045,C00045,U0076,U0076,서주원,온라인,2026-08-03,240,이상치(장시간),보류,추가 자료 요청,
CS00379,C00310,C00310,U0029,U0029,전동현,온라인,2025-11-19,20,,보류,타 단지와 비교 중,
CS00380,C00076,C00076,U0131,U0131,조도윤,방문,2026-02-08,,비정상(0이하),계약희망,대출 상담 필요,
CS00381,C00013,C00013,U0141,U0141,임동현,온라인,2024-01-14,,비정상(0이하),보류,추가 자료 요청,
CS00382,C00075,C00075,U0160,U0160,서주원,전화,2025-12-21,,비정상(0이하),거절,특약사항 확인 요청,
CS00383,C00370,C00370,U0003,U0003,서주원,전화,2026-12-01,10,,계약희망,대출 상담 필요,
CS00384,C00273,C00273,U0124,U0124,안시윤,전화,2024-08-26,,비정상(0이하),계약희망,가격 재문의,
CS00385,C00087,C00087,U0081,U0081,한지민,전화,2024-09-21,45,,보류,전세 대비 비교 요청,
CS00386,C00381,C00381,U0074,U0074,조도윤,전화,2024-03-06,45,,재상담예정,가격 재문의,
CS00387,C00107,C00107,U0007,U0007,임동현,전화,2024-01-22,45,,거절,대출 상담 필요,
CS00388,C00194,C00194,U0071,U0071,임동현,전화,2025-07-19,15,,계약희망,가족과 상의 후 재연락,
CS00389,C00083,C00083,U0013,U0013,조도윤,전화,2024-10-13,10,,계약희망,현장 방문 예약,
CS00390,C00120,C00120,U0155,U0155,전동현,온라인,2026-08-20,60,,거절,가격 재문의,
CS00391,C00042,C00042,U0065,U0065,한지민,전화,2024-09-17,10,,보류,층향 재문의,
CS00392,C00402,C00402,U0064,U0064,조도윤,방문,2025-12-25,30,,보류,타 단지와 비교 중,
CS00393,C00211,C00211,U0103,U0103,장채원,전화,2025-12-06,,비정상(0이하),보류,가격 재문의,
CS00394,C00443,C00443,U0194,U0194,김서준,SNS,2025-12-24,,비정상(0이하),계약희망,계약금 조율 필요,
CS00395,C00264,C00264,U0075,U0075,안시윤,전화,2026-07-06,60,,계약희망,타 단지와 비교 중,
CS00396,C00486,C00486,U0185,U0185,한지민,SNS,2025-09-22,20,,계약희망,,
CS00397,C00267,C00267,U0079,U0079,조도윤,전화,2025-05-17,240,이상치(장시간),계약희망,특약사항 확인 요청,
CS00398,C00457,C00457,U0129,U0129,장은서,전화,2025-06-24,20,,거절,가격 재문의,
CS00399,C00168,C00168,U0015,U0015,임동현,전화,2025-04-07,30,,거절,전세 대비 비교 요청,
CS00400,C00311,C00311,U0032,U0032,서주원,방문,2024-03-26,15,,재상담예정,층향 재문의,
CS00401,C00260,C00260,U0202,U0202,장채원,방문,2024-10-07,30,,보류,계약금 조율 필요,
CS00402,C00081,C00081,U0165,U0165,서주원,방문,2024-01-14,10,,계약희망,층향 재문의,
CS00403,C00537,C00537,U0084,U0084,조도윤,전화,2024-08-17,90,,보류,가격 재문의,
CS00404,C00370,C00370,U0086,U0086,조도윤,전화,2024-09-05,240,이상치(장시간),거절,계약금 조율 필요,
CS00405,C00579,C00579,U0073,U0073,전동현,SNS,2026-02-24,90,,계약희망,특약사항 확인 요청,
CS00406,C00077,C00077,U0020,U0020,장채원,전화,2024-02-28,,비정상(0이하),보류,가족과 상의 후 재연락,
CS00407,C00541,C00541,U0088,U0088,임동현,온라인,2026-03-25,90,,보류,가족과 상의 후 재연락,
CS00408,C00441,C00441,U0038,U0038,김서준,방문,2025-05-11,60,,거절,타 단지와 비교 중,
CS00409,C00375,C00375,U0192,U0192,임동현,방문,2025-11-01,60,,재상담예정,현장 방문 예약,
CS00410,C00600,C00600,U0025,U0025,전동현,SNS,2024-07-25,10,,계약희망,층향 재문의,
CS00411,C00060,C00060,U0102,U0102,장은서,방문,2024-01-13,20,,보류,대출 상담 필요,
CS00412,C00414,C00414,U0066,U0066,조도윤,온라인,2025-01-27,90,,계약희망,계약금 조율 필요,
CS00413,C00583,C00583,U0109,U0109,조도윤,전화,2026-03-20,30,,계약희망,대출 상담 필요,
CS00414,C00457,C00457,,U9967,임동현,방문,2025-04-11,45,,계약희망,추가 자료 요청,unit
CS00415,C00467,C00467,U0012,U0012,전동현,방문,2026-06-20,15,,재상담예정,추가 자료 요청,
CS00416,C00290,C00290,U0013,U0013,한지민,전화,2026-10-23,15,,계약희망,추가 자료 요청,
CS00417,C00003,C00003,U0150,U0150,장채원,전화,2025-10-23,240,이상치(장시간),계약희망,현장 방문 예약,
CS00418,C00263,C00263,U0165,U0165,서주원,전화,2026-12-24,,비정상(0이하),계약희망,현장 방문 예약,
CS00419,C00011,C00011,U0085,U0085,한지민,SNS,2025-01-25,,비정상(0이하),보류,대출 상담 필요,
CS00420,C00175,C00175,U0207,U0207,김서준,전화,2025-03-25,90,,계약희망,층향 재문의,
CS00421,C00550,C00550,U0164,U0164,홍태윤,SNS,2025-01-21,,비정상(0이하),보류,층향 재문의,
CS00422,C00441,C00441,U0172,U0172,홍태윤,전화,2025-11-08,,비정상(0이하),거절,가격 재문의,
CS00423,C00145,C00145,U0170,U0170,김서준,전화,2024-12-19,240,이상치(장시간),재상담예정,전세 대비 비교 요청,
CS00424,C00436,C00436,U0038,U0038,김서준,전화,2025-02-26,,비정상(0이하),계약희망,가족과 상의 후 재연락,
CS00425,C00557,C00557,U0208,U0208,조도윤,전화,2026-11-05,30,,계약희망,잔금 일정 문의,
CS00426,C00508,C00508,U0103,U0103,조도윤,전화,2024-10-26,45,,계약희망,가격 재문의,
CS00427,C00148,C00148,,U9985,김서준,방문,2026-07-20,90,,계약희망,현장 방문 예약,unit
CS00428,C00520,C00520,U0021,U0021,전동현,방문,2026-06-27,10,,계약희망,전세 대비 비교 요청,
CS00429,C00503,C00503,U0162,U0162,김서준,온라인,2026-06-02,,비정상(0이하),계약희망,가족과 상의 후 재연락,
CS00430,C00439,C00439,U0165,U0165,임동현,전화,2024-01-24,60,,재상담예정,계약금 조율 필요,
CS00431,C00419,C00419,U0101,U0101,김서준,온라인,2026-08-05,90,,거절,가격 재문의,
CS00432,C00417,C00417,U0191,U0191,김서준,전화,2026-11-27,,비정상(0이하),계약희망,추가 자료 요청,
CS00433,C00024,C00024,U0200,U0200,한지민,방문,2025-09-22,,비정상(0이하),보류,가족과 상의 후 재연락,
CS00434,C00124,C00124,U0034,U0034,임동현,전화,2025-06-23,20,,재상담예정,대출 상담 필요,
CS00435,C00506,C00506,U0021,U0021,서주원,온라인,2024-03-22,15,,보류,현장 방문 예약,
CS00436,C00225,C00225,U0172,U0172,안시윤,전화,2025-08-18,240,이상치(장시간),재상담예정,대출 상담 필요,
CS00437,C00193,C00193,U0068,U0068,안시윤,전화,2026-03-28,240,이상치(장시간),거절,층향 재문의,
CS00438,C00143,C00143,U0025,U0025,임동현,전화,2025-01-08,,비정상(0이하),재상담예정,계약금 조율 필요,
CS00439,C00017,C00017,U0037,U0037,홍태윤,온라인,2026-08-22,,비정상(0이하),계약희망,계약금 조율 필요,
CS00440,C00430,C00430,U0047,U0047,홍태윤,전화,2024-05-17,90,,재상담예정,추가 자료 요청,
CS00441,C00441,C00441,U0195,U0195,조도윤,온라인,2024-09-08,15,,거절,현장 방문 예약,
CS00442,C00535,C00535,U0147,U0147,조도윤,전화,2026-01-16,240,이상치(장시간),계약희망,계약금 조율 필요,
CS00443,C00465,C00465,U0104,U0104,홍태윤,전화,2025-04-13,,비정상(0이하),계약희망,현장 방문 예약,
CS00444,C00357,C00357,U0169,U0169,안시윤,온라인,2024-04-21,60,,거절,가격 재문의,
CS00445,C00052,C00052,U0115,U0115,홍태윤,방문,2026-05-13,240,이상치(장시간),보류,대출 상담 필요,
CS00446,C00364,C00364,U0146,U0146,장채원,전화,2025-10-02,,비정상(0이하),계약희망,층향 재문의,
CS00447,C00162,C00162,U0005,U0005,전동현,SNS,2024-01-28,60,,계약희망,현장 방문 예약,
CS00448,C00181,C00181,U0065,U0065,장채원,전화,2025-11-05,45,,계약희망,층향 재문의,
CS00449,C00534,C00534,U0166,U0166,조도윤,방문,2025-08-21,,비정상(0이하),계약희망,추가 자료 요청,
CS00450,C00420,C00420,U0046,U0046,장은서,SNS,2026-07-15,90,,보류,가격 재문의,
CS00451,C00150,C00150,U0098,U0098,장은서,방문,2026-02-24,,비정상(0이하),보류,전세 대비 비교 요청,
CS00452,C00487,C00487,U0130,U0130,장채원,SNS,2024-03-11,,비정상(0이하),계약희망,,
CS00453,C00515,C00515,,U9982,안시윤,전화,2024-11-21,30,,계약희망,,unit
CS00454,C00409,C00409,U0100,U0100,장채원,전화,2026-06-22,,비정상(0이하),보류,잔금 일정 문의,
CS00455,C00222,C00222,U0192,U0192,조도윤,전화,2025-05-09,20,,재상담예정,가족과 상의 후 재연락,
CS00456,C00478,C00478,U0209,U0209,조도윤,전화,2024-11-08,20,,보류,가족과 상의 후 재연락,
CS00457,C00224,C00224,U0147,U0147,서주원,전화,2025-07-06,45,,재상담예정,타 단지와 비교 중,
CS00458,C00135,C00135,U0148,U0148,안시윤,전화,2026-04-28,30,,계약희망,층향 재문의,
CS00459,C00423,C00423,U0007,U0007,조도윤,전화,2025-09-09,90,,재상담예정,,
CS00460,C00113,C00113,,U9939,장채원,방문,2026-10-04,,비정상(0이하),계약희망,계약금 조율 필요,unit
CS00461,C00259,C00259,U0013,U0013,한지민,전화,2026-06-19,30,,보류,현장 방문 예약,
CS00462,C00280,C00280,U0076,U0076,임동현,온라인,2025-06-07,15,,보류,현장 방문 예약,
CS00463,C00331,C00331,U0135,U0135,전동현,전화,2025-08-28,60,,거절,타 단지와 비교 중,
CS00464,C00069,C00069,U0198,U0198,김서준,방문,2024-06-06,,비정상(0이하),계약희망,계약금 조율 필요,
CS00465,C00155,C00155,U0188,U0188,홍태윤,SNS,2025-01-09,60,,계약희망,층향 재문의,
CS00466,C00109,C00109,U0036,U0036,안시윤,전화,2026-07-14,10,,재상담예정,층향 재문의,
CS00467,C00387,C00387,U0043,U0043,한지민,전화,2026-06-17,60,,재상담예정,특약사항 확인 요청,
CS00468,C00523,C00523,U0216,U0216,장채원,방문,2024-09-05,45,,재상담예정,특약사항 확인 요청,
CS00469,C00377,C00377,,U9905,안시윤,SNS,2024-03-26,45,,보류,대출 상담 필요,unit
CS00470,C00406,C00406,U0212,U0212,서주원,SNS,2024-06-28,60,,재상담예정,가격 재문의,
CS00471,C00344,C00344,U0163,U0163,한지민,전화,2026-03-22,15,,계약희망,층향 재문의,
CS00472,C00482,C00482,U0151,U0151,임동현,전화,2026-08-05,,비정상(0이하),재상담예정,추가 자료 요청,
CS00473,C00501,C00501,U0039,U0039,홍태윤,전화,2024-06-28,,비정상(0이하),계약희망,층향 재문의,
CS00474,C00340,C00340,U0045,U0045,서주원,온라인,2024-12-05,30,,계약희망,,
CS00475,C00590,C00590,U0016,U0016,김서준,전화,2024-02-17,30,,보류,추가 자료 요청,
CS00476,C00534,C00534,U0007,U0007,장은서,온라인,2025-07-17,15,,거절,계약금 조율 필요,
CS00477,C00138,C00138,U0192,U0192,홍태윤,전화,2026-11-09,,비정상(0이하),계약희망,특약사항 확인 요청,
CS00478,C00301,C00301,U0131,U0131,조도윤,SNS,2026-12-15,90,,재상담예정,가격 재문의,
CS00479,C00461,C00461,U0184,U0184,서주원,방문,2024-11-16,20,,보류,계약금 조율 필요,
CS00480,C00471,C00471,U0168,U0168,홍태윤,온라인,2024-01-11,20,,계약희망,전세 대비 비교 요청,
CS00481,C00314,C00314,U0044,U0044,장채원,방문,2026-07-26,60,,보류,층향 재문의,
CS00482,C00129,C00129,U0043,U0043,조도윤,SNS,2025-12-08,240,이상치(장시간),거절,잔금 일정 문의,
CS00483,C00089,C00089,U0186,U0186,홍태윤,전화,2026-12-16,30,,계약희망,전세 대비 비교 요청,
CS00484,C00491,C00491,U0065,U0065,홍태윤,방문,2025-10-23,15,,계약희망,계약금 조율 필요,
CS00485,C00426,C00426,U0045,U0045,장채원,방문,2024-01-11,30,,재상담예정,추가 자료 요청,
CS00486,C00320,C00320,U0182,U0182,조도윤,SNS,2025-03-19,,비정상(0이하),계약희망,타 단지와 비교 중,
CS00487,C00275,C00275,U0203,U0203,전동현,전화,2024-09-07,20,,계약희망,계약금 조율 필요,
CS00488,C00441,C00441,U0176,U0176,장은서,전화,2026-09-17,240,이상치(장시간),거절,,
CS00489,C00447,C00447,U0061,U0061,임동현,전화,2025-01-26,10,,거절,가족과 상의 후 재연락,
CS00490,C00395,C00395,U0209,U0209,서주원,전화,2026-06-04,,비정상(0이하),보류,가족과 상의 후 재연락,
CS00491,C00364,C00364,,U9919,안시윤,전화,2026-10-06,240,이상치(장시간),재상담예정,잔금 일정 문의,unit
CS00492,C00586,C00586,U0157,U0157,서주원,SNS,2024-10-14,,비정상(0이하),재상담예정,대출 상담 필요,
CS00493,C00064,C00064,U0038,U0038,서주원,SNS,2026-03-24,20,,재상담예정,현장 방문 예약,
CS00494,C00260,C00260,U0036,U0036,서주원,방문,2026-12-22,15,,계약희망,타 단지와 비교 중,
CS00495,C00489,C00489,U0159,U0159,조도윤,방문,2025-03-24,60,,보류,전세 대비 비교 요청,
CS00496,C00314,C00314,U0147,U0147,전동현,온라인,2025-06-07,,비정상(0이하),거절,층향 재문의,
CS00497,C00139,C00139,U0201,U0201,조도윤,전화,2024-02-10,10,,보류,특약사항 확인 요청,
CS00498,C00210,C00210,U0084,U0084,홍태윤,전화,2024-10-10,90,,계약희망,가족과 상의 후 재연락,
CS00499,C00153,C00153,U0090,U0090,임동현,전화,2024-12-24,10,,계약희망,계약금 조율 필요,
CS00500,C00037,C00037,U0059,U0059,김서준,전화,2024-03-09,30,,계약희망,특약사항 확인 요청,
CS00501,C00304,C00304,U0034,U0034,전동현,온라인,2024-05-03,20,,계약희망,현장 방문 예약,
CS00502,C00413,C00413,U0042,U0042,홍태윤,전화,2026-08-09,10,,계약희망,현장 방문 예약,
CS00503,C00425,C00425,U0006,U0006,조도윤,방문,2024-03-28,45,,거절,타 단지와 비교 중,
CS00504,C00412,C00412,U0057,U0057,서주원,전화,2025-01-08,10,,재상담예정,계약금 조율 필요,
CS00505,C00332,C00332,U0164,U0164,안시윤,방문,2025-05-20,15,,거절,특약사항 확인 요청,
CS00506,C00476,C00476,U0045,U0045,홍태윤,전화,2025-08-27,15,,계약희망,대출 상담 필요,
CS00507,C00257,C00257,U0197,U0197,전동현,전화,2026-02-02,30,,계약희망,계약금 조율 필요,
CS00508,C00134,C00134,U0024,U0024,전동현,방문,2025-09-02,,비정상(0이하),거절,계약금 조율 필요,
CS00509,C00444,C00444,U0008,U0008,장은서,방문,2024-06-23,10,,재상담예정,계약금 조율 필요,
CS00510,C00505,C00505,U0119,U0119,안시윤,전화,2025-02-02,45,,보류,현장 방문 예약,
CS00511,C00414,C00414,,U9972,조도윤,전화,2025-03-12,,비정상(0이하),재상담예정,전세 대비 비교 요청,unit
CS00512,C00289,C00289,U0053,U0053,장채원,전화,2024-06-07,30,,거절,현장 방문 예약,
CS00513,C00048,C00048,U0039,U0039,홍태윤,방문,2026-02-17,30,,거절,현장 방문 예약,
CS00514,C00265,C00265,U0080,U0080,서주원,전화,2026-10-01,15,,재상담예정,,
CS00515,C00506,C00506,U0065,U0065,임동현,방문,2026-11-09,240,이상치(장시간),계약희망,추가 자료 요청,
CS00516,C00412,C00412,,U9931,홍태윤,전화,2026-12-03,60,,계약희망,층향 재문의,unit
CS00517,C00185,C00185,U0077,U0077,조도윤,방문,2026-08-13,240,이상치(장시간),계약희망,가족과 상의 후 재연락,
CS00518,C00451,C00451,U0176,U0176,한지민,방문,2025-07-20,,비정상(0이하),재상담예정,대출 상담 필요,
CS00519,C00258,C00258,U0074,U0074,임동현,SNS,2025-08-19,45,,거절,현장 방문 예약,
CS00520,C00427,C00427,U0177,U0177,장채원,방문,2026-10-20,45,,재상담예정,가격 재문의,
CS00521,C00282,C00282,U0068,U0068,임동현,방문,2025-11-05,10,,계약희망,타 단지와 비교 중,
CS00522,C00007,C00007,U0015,U0015,한지민,방문,2026-11-22,10,,계약희망,대출 상담 필요,
CS00523,C00091,C00091,U0180,U0180,장채원,방문,2026-09-20,,비정상(0이하),계약희망,대출 상담 필요,
CS00524,C00481,C00481,U0188,U0188,조도윤,전화,2026-11-19,45,,계약희망,층향 재문의,
CS00525,C00134,C00134,U0078,U0078,조도윤,SNS,2024-02-15,60,,재상담예정,층향 재문의,
CS00526,C00571,C00571,U0003,U0003,전동현,전화,2024-01-09,,비정상(0이하),재상담예정,,
CS00527,C00035,C00035,U0047,U0047,장채원,전화,2025-10-03,45,,계약희망,타 단지와 비교 중,
CS00528,C00586,C00586,U0173,U0173,조도윤,온라인,2025-03-20,90,,재상담예정,전세 대비 비교 요청,
CS00529,C00540,C00540,U0013,U0013,한지민,방문,2026-06-08,15,,재상담예정,대출 상담 필요,
CS00530,C00584,C00584,U0127,U0127,한지민,SNS,2026-04-06,,비정상(0이하),재상담예정,특약사항 확인 요청,
CS00531,C00444,C00444,U0118,U0118,홍태윤,전화,2026-11-21,90,,계약희망,현장 방문 예약,
CS00532,C00247,C00247,U0097,U0097,김서준,전화,2024-12-09,240,이상치(장시간),계약희망,잔금 일정 문의,
CS00533,C00242,C00242,U0003,U0003,홍태윤,전화,2025-02-13,20,,보류,,
CS00534,C00145,C00145,U0140,U0140,한지민,전화,2026-10-26,30,,계약희망,가족과 상의 후 재연락,
CS00535,C00328,C00328,U0112,U0112,조도윤,방문,2025-07-16,20,,계약희망,현장 방문 예약,
CS00536,C00527,C00527,U0017,U0017,장채원,SNS,2024-04-27,15,,계약희망,,
CS00537,C00362,C00362,U0053,U0053,김서준,전화,2024-04-07,,비정상(0이하),보류,가격 재문의,
CS00538,C00433,C00433,U0131,U0131,안시윤,전화,2025-12-01,20,,재상담예정,타 단지와 비교 중,
CS00539,C00339,C00339,U0025,U0025,한지민,전화,2026-01-28,30,,재상담예정,현장 방문 예약,
CS00540,C00133,C00133,U0190,U0190,홍태윤,전화,2026-02-25,,비정상(0이하),계약희망,층향 재문의,
CS00541,C00337,C00337,U0139,U0139,장은서,온라인,2026-01-28,90,,재상담예정,잔금 일정 문의,
CS00542,C00082,C00082,U0027,U0027,김서준,전화,2025-10-06,90,,계약희망,,
CS00543,C00196,C00196,U0064,U0064,조도윤,방문,2026-07-23,240,이상치(장시간),계약희망,현장 방문 예약,
CS00544,C00593,C00593,U0024,U0024,서주원,방문,2026-05-11,10,,계약희망,,
CS00545,C00347,C00347,U0176,U0176,전동현,전화,2025-04-23,90,,계약희망,현장 방문 예약,
CS00546,C00469,C00469,U0153,U0153,안시윤,SNS,2026-07-07,90,,보류,대출 상담 필요,
CS00547,C00167,C00167,U0084,U0084,전동현,전화,2024-07-16,10,,계약희망,잔금 일정 문의,
CS00548,C00262,C00262,U0149,U0149,한지민,전화,2024-05-13,90,,재상담예정,가격 재문의,
CS00549,C00553,C00553,U0068,U0068,장은서,방문,2025-06-14,60,,계약희망,전세 대비 비교 요청,
CS00550,C00542,C00542,U0079,U0079,장채원,전화,2024-04-26,,비정상(0이하),보류,특약사항 확인 요청,
CS00551,C00140,C00140,U0098,U0098,안시윤,전화,2026-03-25,90,,거절,전세 대비 비교 요청,
CS00552,C00371,C00371,,U9986,서주원,온라인,2025-03-28,20,,재상담예정,현장 방문 예약,unit
CS00553,C00465,C00465,U0122,U0122,김서준,전화,2024-06-20,15,,거절,추가 자료 요청,
CS00554,C00039,C00039,U0219,U0219,김서준,전화,2025-09-26,,비정상(0이하),계약희망,대출 상담 필요,
CS00555,C00402,C00402,U0102,U0102,서주원,온라인,2025-09-05,30,,거절,계약금 조율 필요,
CS00556,C00434,C00434,U0070,U0070,홍태윤,전화,2026-07-26,45,,계약희망,타 단지와 비교 중,
CS00557,C00378,C00378,U0065,U0065,안시윤,전화,2025-06-08,90,,계약희망,가격 재문의,
CS00558,C00136,C00136,U0210,U0210,한지민,온라인,2025-05-17,20,,보류,층향 재문의,
CS00559,C00161,C00161,U0093,U0093,한지민,전화,2025-01-02,90,,거절,,
CS00560,C00506,C00506,U0038,U0038,홍태윤,방문,2024-02-05,30,,계약희망,전세 대비 비교 요청,
CS00561,C00233,C00233,U0159,U0159,임동현,SNS,2024-08-15,90,,보류,계약금 조율 필요,
CS00562,C00154,C00154,U0214,U0214,장은서,전화,2025-11-06,15,,계약희망,가격 재문의,
CS00563,C00282,C00282,U0100,U0100,전동현,전화,2024-05-11,30,,보류,특약사항 확인 요청,
CS00564,C00193,C00193,U0038,U0038,한지민,전화,2024-06-28,30,,계약희망,층향 재문의,
CS00565,C00162,C00162,U0102,U0102,김서준,전화,2026-05-17,15,,거절,잔금 일정 문의,
CS00566,C00433,C00433,U0093,U0093,임동현,전화,2025-01-27,,비정상(0이하),재상담예정,전세 대비 비교 요청,
CS00567,C00040,C00040,U0181,U0181,임동현,방문,2024-01-21,60,,계약희망,층향 재문의,
CS00568,C00197,C00197,U0189,U0189,장채원,온라인,2026-10-19,90,,계약희망,가격 재문의,
CS00569,C00464,C00464,U0081,U0081,서주원,전화,2026-03-27,,비정상(0이하),보류,잔금 일정 문의,
CS00570,C00376,C00376,U0208,U0208,한지민,온라인,2026-10-18,90,,보류,층향 재문의,
CS00571,C00288,C00288,U0042,U0042,홍태윤,방문,2024-10-26,15,,계약희망,계약금 조율 필요,
CS00572,C00370,C00370,U0210,U0210,조도윤,전화,2026-04-06,,비정상(0이하),계약희망,가족과 상의 후 재연락,
CS00573,C00573,C00573,U0012,U0012,전동현,전화,2024-03-08,20,,재상담예정,계약금 조율 필요,
CS00574,C00221,C00221,U0012,U0012,장은서,전화,2026-11-20,,비정상(0이하),계약희망,잔금 일정 문의,
CS00575,C00020,C00020,U0204,U0204,한지민,전화,2024-12-08,,비정상(0이하),계약희망,전세 대비 비교 요청,
CS00576,C00291,C00291,U0202,U0202,임동현,전화,2025-09-21,20,,계약희망,특약사항 확인 요청,
CS00577,C00287,C00287,U0051,U0051,홍태윤,전화,2024-08-27,90,,거절,특약사항 확인 요청,
CS00578,C00538,C00538,U0214,U0214,김서준,전화,2024-12-02,90,,계약희망,대출 상담 필요,
CS00579,C00434,C00434,U0101,U0101,임동현,전화,2025-02-23,15,,계약희망,특약사항 확인 요청,
CS00580,C00039,C00039,U0210,U0210,장은서,전화,2026-05-25,240,이상치(장시간),계약희망,특약사항 확인 요청,
CS00581,C00015,C00015,U0111,U0111,김서준,전화,2024-05-18,20,,재상담예정,가격 재문의,
CS00582,C00424,C00424,U0111,U0111,장은서,방문,2026-11-19,15,,계약희망,특약사항 확인 요청,
CS00583,C00384,C00384,U0152,U0152,장채원,방문,2025-08-28,15,,계약희망,추가 자료 요청,
CS00584,C00281,C00281,U0006,U0006,장은서,온라인,2024-07-23,60,,거절,대출 상담 필요,
CS00585,C00534,C00534,U0195,U0195,장은서,전화,2026-06-05,15,,거절,대출 상담 필요,
CS00586,C00158,C00158,U0075,U0075,한지민,전화,2026-12-05,,비정상(0이하),계약희망,대출 상담 필요,
CS00587,C00222,C00222,U0214,U0214,장채원,전화,2024-05-03,240,이상치(장시간),재상담예정,잔금 일정 문의,
CS00588,C00544,C00544,U0155,U0155,장은서,전화,2025-09-19,15,,거절,추가 자료 요청,
CS00589,C00153,C00153,U0034,U0034,안시윤,방문,2026-06-22,45,,계약희망,특약사항 확인 요청,
CS00590,C00293,C00293,,U9973,장은서,전화,2024-03-28,60,,계약희망,추가 자료 요청,unit
CS00591,C00479,C00479,U0103,U0103,전동현,방문,2026-06-14,45,,거절,계약금 조율 필요,
CS00592,C00544,C00544,U0144,U0144,서주원,방문,2026-05-01,10,,계약희망,타 단지와 비교 중,
CS00593,C00587,C00587,U0184,U0184,김서준,전화,2024-03-14,15,,계약희망,특약사항 확인 요청,
CS00594,C00015,C00015,U0193,U0193,전동현,온라인,2024-02-19,60,,계약희망,,
CS00595,C00427,C00427,U0110,U0110,장은서,전화,2024-12-12,30,,보류,가족과 상의 후 재연락,
CS00596,C00143,C00143,U0019,U0019,전동현,방문,2026-06-22,10,,계약희망,층향 재문의,
CS00597,C00549,C00549,U0144,U0144,장채원,방문,2026-05-08,20,,계약희망,전세 대비 비교 요청,
CS00598,C00313,C00313,U0106,U0106,서주원,전화,2026-05-09,,비정상(0이하),계약희망,전세 대비 비교 요청,
CS00599,C00167,C00167,U0122,U0122,서주원,전화,2025-09-03,30,,계약희망,타 단지와 비교 중,
CS00600,C00297,C00297,U0170,U0170,장은서,전화,2024-11-06,15,,거절,계약금 조율 필요,
CS00601,C00599,C00599,U0211,U0211,김서준,전화,2024-07-17,10,,재상담예정,가격 재문의,
CS00602,C00316,C00316,U0151,U0151,조도윤,SNS,2026-05-10,,비정상(0이하),보류,특약사항 확인 요청,
CS00603,C00110,C00110,U0205,U0205,전동현,전화,2025-07-05,,비정상(0이하),재상담예정,계약금 조율 필요,
CS00604,C00240,C00240,U0101,U0101,안시윤,전화,2026-06-12,15,,보류,추가 자료 요청,
CS00605,C00026,C00026,U0139,U0139,한지민,전화,2025-02-02,,비정상(0이하),계약희망,대출 상담 필요,
CS00606,C00276,C00276,U0022,U0022,장채원,전화,2025-09-13,15,,재상담예정,,
CS00607,C00410,C00410,U0180,U0180,안시윤,SNS,2026-01-13,240,이상치(장시간),거절,추가 자료 요청,
CS00608,C00256,C00256,U0001,U0001,안시윤,전화,2026-03-06,,비정상(0이하),계약희망,가격 재문의,
CS00609,C00517,C00517,U0195,U0195,안시윤,SNS,2024-02-11,15,,보류,특약사항 확인 요청,
CS00610,C00538,C00538,U0163,U0163,전동현,방문,2025-01-15,45,,보류,타 단지와 비교 중,
CS00611,C00451,C00451,U0013,U0013,전동현,SNS,2026-12-19,60,,계약희망,가격 재문의,
CS00612,C00026,C00026,U0074,U0074,임동현,방문,2026-04-10,10,,보류,가격 재문의,
CS00613,C00314,C00314,U0130,U0130,한지민,방문,2025-02-03,,비정상(0이하),거절,전세 대비 비교 요청,
CS00614,C00482,C00482,U0140,U0140,안시윤,온라인,2024-06-22,240,이상치(장시간),계약희망,가격 재문의,
CS00615,C00483,C00483,U0125,U0125,김서준,전화,2026-01-21,10,,계약희망,가격 재문의,
CS00616,C00230,C00230,U0184,U0184,장은서,전화,2025-01-25,30,,보류,추가 자료 요청,
CS00617,C00340,C00340,U0146,U0146,임동현,전화,2025-10-23,60,,재상담예정,현장 방문 예약,
CS00618,C00528,C00528,U0003,U0003,서주원,방문,2026-06-27,10,,거절,잔금 일정 문의,
CS00619,C00244,C00244,U0048,U0048,장채원,전화,2025-09-09,20,,계약희망,추가 자료 요청,
CS00620,C00087,C00087,U0057,U0057,장채원,전화,2024-02-01,10,,재상담예정,,
CS00621,C00600,C00600,U0002,U0002,한지민,SNS,2026-09-14,,비정상(0이하),계약희망,현장 방문 예약,
CS00622,C00404,C00404,U0204,U0204,장은서,전화,2024-05-22,60,,계약희망,층향 재문의,
CS00623,C00171,C00171,U0220,U0220,장채원,전화,2024-02-06,240,이상치(장시간),재상담예정,가격 재문의,
CS00624,C00047,C00047,U0062,U0062,장은서,전화,2024-01-23,20,,보류,대출 상담 필요,
CS00625,C00197,C00197,U0119,U0119,장은서,방문,2026-10-05,10,,보류,가족과 상의 후 재연락,
CS00626,,C99193,U0111,U0111,홍태윤,방문,2024-02-21,240,이상치(장시간),계약희망,대출 상담 필요,customer
CS00627,C00344,C00344,U0126,U0126,김서준,방문,2026-06-19,15,,계약희망,현장 방문 예약,
CS00628,C00261,C00261,U0086,U0086,장채원,방문,2024-12-19,60,,재상담예정,타 단지와 비교 중,
CS00629,C00049,C00049,U0133,U0133,조도윤,SNS,2024-06-08,,비정상(0이하),계약희망,타 단지와 비교 중,
CS00630,C00090,C00090,U0123,U0123,전동현,방문,2026-05-11,45,,보류,타 단지와 비교 중,
CS00631,C00540,C00540,U0014,U0014,홍태윤,SNS,2024-10-10,,비정상(0이하),계약희망,잔금 일정 문의,
CS00632,C00300,C00300,U0125,U0125,조도윤,방문,2026-04-24,20,,계약희망,전세 대비 비교 요청,
CS00633,C00516,C00516,U0173,U0173,전동현,SNS,2026-12-01,20,,거절,추가 자료 요청,
CS00634,C00258,C00258,U0034,U0034,서주원,SNS,2025-08-12,20,,보류,가격 재문의,
CS00635,C00244,C00244,U0107,U0107,임동현,전화,2024-07-09,90,,계약희망,특약사항 확인 요청,
CS00636,C00071,C00071,U0213,U0213,서주원,SNS,2025-06-13,240,이상치(장시간),계약희망,,
CS00637,C00005,C00005,U0023,U0023,한지민,전화,2026-12-03,,비정상(0이하),계약희망,타 단지와 비교 중,
CS00638,C00439,C00439,U0136,U0136,한지민,방문,2024-05-08,,비정상(0이하),재상담예정,타 단지와 비교 중,
CS00639,C00583,C00583,U0206,U0206,조도윤,전화,2024-07-16,10,,계약희망,특약사항 확인 요청,
CS00640,C00089,C00089,U0101,U0101,홍태윤,방문,2024-07-08,90,,재상담예정,특약사항 확인 요청,
CS00641,C00194,C00194,U0149,U0149,장은서,전화,2025-05-21,10,,보류,,
CS00642,C00464,C00464,U0049,U0049,한지민,전화,2026-07-12,10,,보류,타 단지와 비교 중,
CS00643,C00551,C00551,U0214,U0214,김서준,온라인,2025-03-09,30,,거절,,
CS00644,C00417,C00417,U0069,U0069,전동현,방문,2024-11-17,,비정상(0이하),계약희망,,
CS00645,C00160,C00160,U0160,U0160,서주원,전화,2024-11-08,45,,보류,층향 재문의,
CS00646,C00186,C00186,U0035,U0035,전동현,전화,2025-08-06,60,,보류,가족과 상의 후 재연락,
CS00647,C00229,C00229,U0209,U0209,안시윤,방문,2026-04-03,15,,거절,추가 자료 요청,
CS00648,C00438,C00438,U0120,U0120,장은서,전화,2025-12-19,45,,재상담예정,전세 대비 비교 요청,
CS00649,C00144,C00144,U0163,U0163,안시윤,방문,2024-06-08,90,,거절,현장 방문 예약,
CS00650,C00458,C00458,U0153,U0153,한지민,온라인,2025-02-14,30,,거절,특약사항 확인 요청,
CS00651,C00527,C00527,U0003,U0003,안시윤,온라인,2026-05-17,15,,계약희망,타 단지와 비교 중,
CS00652,C00231,C00231,U0096,U0096,홍태윤,방문,2025-05-28,,비정상(0이하),보류,가격 재문의,
CS00653,C00124,C00124,U0071,U0071,한지민,온라인,2025-12-19,15,,거절,가격 재문의,
CS00654,C00160,C00160,U0150,U0150,한지민,전화,2024-07-27,15,,보류,추가 자료 요청,
CS00655,C00375,C00375,U0106,U0106,전동현,방문,2025-04-04,10,,계약희망,특약사항 확인 요청,
CS00656,C00573,C00573,U0031,U0031,조도윤,전화,2026-09-15,15,,보류,특약사항 확인 요청,
CS00657,C00179,C00179,U0046,U0046,장은서,전화,2026-08-09,45,,보류,,
CS00658,C00097,C00097,U0106,U0106,장은서,방문,2026-03-08,,비정상(0이하),재상담예정,,
CS00659,C00530,C00530,U0050,U0050,안시윤,온라인,2024-05-02,10,,계약희망,대출 상담 필요,
CS00660,C00097,C00097,U0095,U0095,전동현,온라인,2026-11-02,10,,보류,추가 자료 요청,
CS00661,C00239,C00239,U0048,U0048,전동현,전화,2026-04-04,90,,계약희망,가족과 상의 후 재연락,
CS00662,C00284,C00284,U0161,U0161,서주원,SNS,2025-03-02,30,,거절,특약사항 확인 요청,
CS00663,C00010,C00010,U0101,U0101,장채원,방문,2026-01-20,20,,거절,타 단지와 비교 중,
CS00664,C00571,C00571,U0091,U0091,홍태윤,온라인,2026-11-07,30,,재상담예정,가족과 상의 후 재연락,
CS00665,C00150,C00150,U0134,U0134,장은서,SNS,2024-01-10,60,,보류,타 단지와 비교 중,
CS00666,C00484,C00484,U0023,U0023,전동현,방문,2024-08-13,15,,재상담예정,전세 대비 비교 요청,
CS00667,C00579,C00579,U0031,U0031,서주원,전화,2024-04-13,10,,보류,현장 방문 예약,
CS00668,C00039,C00039,U0217,U0217,홍태윤,방문,2026-04-18,,비정상(0이하),재상담예정,,
CS00669,C00337,C00337,U0182,U0182,장은서,SNS,2026-05-25,90,,거절,타 단지와 비교 중,
CS00670,C00346,C00346,U0056,U0056,전동현,방문,2024-03-06,,비정상(0이하),거절,잔금 일정 문의,
CS00671,C00010,C00010,U0172,U0172,홍태윤,전화,2026-03-23,20,,재상담예정,타 단지와 비교 중,
CS00672,C00160,C00160,U0087,U0087,장은서,SNS,2026-01-13,30,,계약희망,층향 재문의,
CS00673,C00209,C00209,U0176,U0176,전동현,방문,2025-02-27,30,,보류,층향 재문의,
CS00674,C00590,C00590,U0168,U0168,임동현,전화,2024-01-22,15,,계약희망,층향 재문의,
CS00675,C00366,C00366,U0059,U0059,김서준,방문,2026-08-22,60,,거절,계약금 조율 필요,
CS00676,C00070,C00070,U0065,U0065,안시윤,방문,2024-11-22,15,,거절,대출 상담 필요,
CS00677,C00068,C00068,U0173,U0173,서주원,전화,2025-05-01,240,이상치(장시간),보류,전세 대비 비교 요청,
CS00678,C00596,C00596,U0128,U0128,홍태윤,전화,2024-01-16,10,,재상담예정,타 단지와 비교 중,
CS00679,C00557,C00557,U0167,U0167,홍태윤,전화,2024-12-22,15,,계약희망,가족과 상의 후 재연락,
CS00680,C00099,C00099,U0159,U0159,김서준,전화,2026-10-21,,비정상(0이하),계약희망,계약금 조율 필요,
CS00681,C00032,C00032,U0110,U0110,홍태윤,온라인,2025-04-03,240,이상치(장시간),재상담예정,,
CS00682,C00199,C00199,U0087,U0087,조도윤,전화,2026-09-20,,비정상(0이하),보류,,
CS00683,C00448,C00448,U0179,U0179,김서준,전화,2024-02-20,15,,계약희망,층향 재문의,
CS00684,C00204,C00204,U0047,U0047,장채원,방문,2024-01-06,15,,계약희망,특약사항 확인 요청,
CS00685,C00241,C00241,U0070,U0070,장은서,전화,2026-11-15,45,,계약희망,타 단지와 비교 중,
CS00686,C00326,C00326,U0119,U0119,장은서,전화,2025-09-22,90,,재상담예정,전세 대비 비교 요청,
CS00687,C00518,C00518,U0023,U0023,전동현,전화,2024-07-12,90,,계약희망,가격 재문의,
CS00688,C00145,C00145,U0081,U0081,김서준,전화,2025-04-02,240,이상치(장시간),계약희망,타 단지와 비교 중,
CS00689,C00138,C00138,U0029,U0029,장채원,전화,2026-11-12,20,,계약희망,추가 자료 요청,
CS00690,C00096,C00096,,U9947,홍태윤,방문,2025-02-06,,비정상(0이하),보류,현장 방문 예약,unit
CS00691,C00374,C00374,U0021,U0021,조도윤,전화,2026-05-17,240,이상치(장시간),거절,잔금 일정 문의,
CS00692,C00082,C00082,U0064,U0064,임동현,전화,2025-05-28,45,,계약희망,잔금 일정 문의,
CS00693,C00033,C00033,U0146,U0146,임동현,전화,2026-04-25,240,이상치(장시간),재상담예정,잔금 일정 문의,
CS00694,C00288,C00288,U0070,U0070,홍태윤,온라인,2025-01-17,,비정상(0이하),거절,층향 재문의,
CS00695,C00326,C00326,U0186,U0186,조도윤,전화,2024-10-22,,비정상(0이하),계약희망,가격 재문의,
CS00696,C00364,C00364,U0016,U0016,장은서,전화,2024-08-25,10,,계약희망,특약사항 확인 요청,
CS00697,C00072,C00072,U0182,U0182,홍태윤,온라인,2025-06-16,240,이상치(장시간),계약희망,잔금 일정 문의,
CS00698,C00151,C00151,U0218,U0218,임동현,전화,2024-03-24,240,이상치(장시간),보류,추가 자료 요청,
CS00699,C00074,C00074,U0200,U0200,안시윤,전화,2026-08-11,90,,거절,,
CS00700,C00566,C00566,U0143,U0143,서주원,전화,2024-10-20,30,,계약희망,잔금 일정 문의,
CS00701,C00020,C00020,U0084,U0084,조도윤,전화,2024-02-03,30,,거절,타 단지와 비교 중,
CS00702,C00156,C00156,U0041,U0041,임동현,전화,2026-03-02,30,,보류,잔금 일정 문의,
CS00703,C00145,C00145,,U9929,김서준,전화,2026-08-23,240,이상치(장시간),계약희망,가격 재문의,unit
CS00704,C00198,C00198,U0167,U0167,김서준,전화,2026-03-19,45,,계약희망,,
CS00705,C00531,C00531,U0074,U0074,임동현,전화,2025-04-02,45,,계약희망,특약사항 확인 요청,
CS00706,C00359,C00359,U0209,U0209,홍태윤,방문,2025-07-13,60,,보류,가족과 상의 후 재연락,
CS00707,C00392,C00392,U0040,U0040,홍태윤,전화,2024-01-05,10,,계약희망,가족과 상의 후 재연락,
CS00708,C00235,C00235,,U9925,서주원,방문,2025-07-15,,비정상(0이하),재상담예정,계약금 조율 필요,unit
CS00709,C00275,C00275,U0003,U0003,장채원,전화,2025-03-25,,비정상(0이하),거절,가족과 상의 후 재연락,
CS00710,C00125,C00125,U0165,U0165,장채원,전화,2024-02-06,30,,보류,가족과 상의 후 재연락,
CS00711,C00535,C00535,U0184,U0184,한지민,방문,2024-01-05,,비정상(0이하),계약희망,대출 상담 필요,
CS00712,C00345,C00345,U0042,U0042,전동현,방문,2024-05-02,60,,재상담예정,잔금 일정 문의,
CS00713,C00224,C00224,U0199,U0199,안시윤,전화,2025-11-21,,비정상(0이하),계약희망,전세 대비 비교 요청,
CS00714,C00427,C00427,U0013,U0013,장은서,온라인,2026-09-08,,비정상(0이하),재상담예정,,
CS00715,C00018,C00018,U0017,U0017,안시윤,전화,2025-10-02,240,이상치(장시간),계약희망,잔금 일정 문의,
CS00716,C00433,C00433,U0186,U0186,장은서,방문,2024-08-08,30,,계약희망,타 단지와 비교 중,
CS00717,C00267,C00267,U0013,U0013,안시윤,전화,2025-09-02,30,,계약희망,가격 재문의,
CS00718,C00230,C00230,U0013,U0013,임동현,온라인,2025-05-23,10,,계약희망,전세 대비 비교 요청,
CS00719,C00160,C00160,U0091,U0091,장은서,방문,2025-12-25,15,,재상담예정,현장 방문 예약,
CS00720,C00433,C00433,U0143,U0143,홍태윤,온라인,2024-01-12,45,,재상담예정,,
CS00721,C00596,C00596,U0067,U0067,임동현,전화,2026-07-28,30,,보류,가족과 상의 후 재연락,
CS00722,C00168,C00168,U0114,U0114,장은서,전화,2024-05-17,,비정상(0이하),계약희망,타 단지와 비교 중,
CS00723,C00151,C00151,U0158,U0158,장채원,전화,2026-11-12,15,,재상담예정,계약금 조율 필요,
CS00724,C00164,C00164,U0047,U0047,장채원,전화,2026-11-07,20,,거절,타 단지와 비교 중,
CS00725,C00003,C00003,U0122,U0122,홍태윤,전화,2024-03-12,240,이상치(장시간),재상담예정,특약사항 확인 요청,
CS00726,C00387,C00387,U0208,U0208,홍태윤,온라인,2024-11-12,240,이상치(장시간),계약희망,대출 상담 필요,
CS00727,C00231,C00231,U0197,U0197,안시윤,전화,2024-03-19,60,,재상담예정,,
CS00728,C00010,C00010,U0045,U0045,전동현,전화,2026-05-22,20,,거절,,
CS00729,C00013,C00013,U0007,U0007,임동현,방문,2026-06-04,30,,계약희망,가격 재문의,
CS00730,C00233,C00233,U0219,U0219,홍태윤,온라인,2026-03-03,15,,계약희망,특약사항 확인 요청,
CS00731,C00263,C00263,U0029,U0029,조도윤,전화,2026-03-28,90,,재상담예정,잔금 일정 문의,
CS00732,C00210,C00210,U0150,U0150,전동현,전화,2025-05-18,,비정상(0이하),거절,타 단지와 비교 중,
CS00733,C00157,C00157,U0100,U0100,장은서,SNS,2026-08-15,,비정상(0이하),계약희망,특약사항 확인 요청,
CS00734,C00395,C00395,U0073,U0073,장채원,전화,2025-12-10,15,,보류,잔금 일정 문의,
CS00735,C00347,C00347,U0037,U0037,임동현,온라인,2025-03-06,15,,계약희망,가격 재문의,
CS00736,C00476,C00476,U0065,U0065,조도윤,방문,2024-05-24,,비정상(0이하),재상담예정,타 단지와 비교 중,
CS00737,C00145,C00145,U0153,U0153,서주원,온라인,2025-10-23,,비정상(0이하),보류,대출 상담 필요,
CS00738,,C99224,U0111,U0111,전동현,전화,2024-12-23,20,,보류,층향 재문의,customer
CS00739,C00314,C00314,U0102,U0102,안시윤,온라인,2024-01-11,10,,계약희망,가족과 상의 후 재연락,
CS00740,C00129,C00129,U0091,U0091,홍태윤,전화,2024-07-27,240,이상치(장시간),계약희망,추가 자료 요청,
CS00741,C00285,C00285,U0118,U0118,임동현,전화,2024-04-06,,비정상(0이하),보류,가족과 상의 후 재연락,
CS00742,C00144,C00144,U0192,U0192,김서준,온라인,2025-11-04,,비정상(0이하),계약희망,가족과 상의 후 재연락,
CS00743,C00221,C00221,U0199,U0199,홍태윤,SNS,2024-04-05,,비정상(0이하),계약희망,타 단지와 비교 중,
CS00744,C00472,C00472,U0218,U0218,장채원,방문,2024-06-06,,비정상(0이하),거절,추가 자료 요청,
CS00745,C00045,C00045,U0124,U0124,안시윤,온라인,2024-11-02,90,,계약희망,대출 상담 필요,
CS00746,C00360,C00360,U0020,U0020,서주원,방문,2025-10-15,90,,계약희망,특약사항 확인 요청,
CS00747,C00415,C00415,U0219,U0219,안시윤,방문,2024-09-23,45,,계약희망,추가 자료 요청,
CS00748,C00583,C00583,U0097,U0097,장채원,전화,2025-09-13,20,,계약희망,타 단지와 비교 중,
CS00749,C00530,C00530,U0079,U0079,안시윤,SNS,2026-10-06,60,,재상담예정,,
CS00750,C00026,C00026,U0189,U0189,전동현,방문,2024-10-28,240,이상치(장시간),재상담예정,타 단지와 비교 중,
CS00751,C00160,C00160,U0152,U0152,장채원,전화,2025-02-25,,비정상(0이하),계약희망,가격 재문의,
CS00752,C00534,C00534,U0118,U0118,안시윤,전화,2026-08-09,,비정상(0이하),계약희망,층향 재문의,
CS00753,C00592,C00592,U0206,U0206,임동현,전화,2025-02-14,,비정상(0이하),계약희망,,
CS00754,C00135,C00135,U0188,U0188,장채원,전화,2026-02-13,45,,거절,가격 재문의,
CS00755,C00014,C00014,U0164,U0164,서주원,전화,2025-01-11,20,,재상담예정,가격 재문의,
CS00756,C00541,C00541,U0142,U0142,홍태윤,전화,2024-01-27,,비정상(0이하),거절,특약사항 확인 요청,
CS00757,C00375,C00375,,U9969,안시윤,방문,2026-09-07,10,,계약희망,층향 재문의,unit
CS00758,C00406,C00406,U0189,U0189,김서준,SNS,2026-02-18,60,,거절,가격 재문의,
CS00759,,C99047,U0174,U0174,장채원,전화,2025-11-13,15,,계약희망,특약사항 확인 요청,customer
CS00760,C00304,C00304,U0143,U0143,조도윤,전화,2026-04-27,,비정상(0이하),계약희망,가격 재문의,
CS00761,C00509,C00509,U0185,U0185,홍태윤,전화,2026-02-17,,비정상(0이하),계약희망,가격 재문의,
CS00762,C00320,C00320,U0053,U0053,한지민,전화,2026-02-02,30,,거절,타 단지와 비교 중,
CS00763,C00434,C00434,U0012,U0012,조도윤,전화,2025-11-11,90,,거절,타 단지와 비교 중,
CS00764,C00187,C00187,U0097,U0097,장채원,전화,2024-02-11,60,,보류,특약사항 확인 요청,
CS00765,C00027,C00027,U0048,U0048,안시윤,SNS,2024-02-20,10,,거절,계약금 조율 필요,
CS00766,C00370,C00370,U0079,U0079,안시윤,전화,2025-05-18,45,,계약희망,현장 방문 예약,
CS00767,C00553,C00553,U0218,U0218,전동현,방문,2024-09-08,60,,보류,잔금 일정 문의,
CS00768,C00393,C00393,U0056,U0056,임동현,전화,2026-10-02,10,,계약희망,대출 상담 필요,
CS00769,C00203,C00203,U0200,U0200,김서준,전화,2026-08-16,20,,계약희망,추가 자료 요청,
CS00770,C00009,C00009,U0143,U0143,홍태윤,온라인,2026-06-18,60,,거절,타 단지와 비교 중,
CS00771,C00055,C00055,U0220,U0220,장은서,전화,2025-02-17,60,,재상담예정,대출 상담 필요,
CS00772,C00209,C00209,U0014,U0014,장채원,방문,2026-01-12,45,,재상담예정,잔금 일정 문의,
CS00773,C00522,C00522,U0196,U0196,한지민,방문,2024-06-25,20,,거절,대출 상담 필요,
CS00774,C00136,C00136,U0149,U0149,한지민,SNS,2026-08-07,45,,재상담예정,층향 재문의,
CS00775,C00017,C00017,U0050,U0050,임동현,SNS,2024-07-03,15,,계약희망,전세 대비 비교 요청,
CS00776,C00188,C00188,U0010,U0010,서주원,전화,2026-09-06,,비정상(0이하),재상담예정,층향 재문의,
CS00777,C00435,C00435,U0074,U0074,안시윤,온라인,2025-03-11,15,,거절,현장 방문 예약,
CS00778,C00553,C00553,U0055,U0055,전동현,방문,2026-04-16,,비정상(0이하),계약희망,특약사항 확인 요청,
CS00779,C00027,C00027,U0049,U0049,장은서,전화,2025-08-03,,비정상(0이하),계약희망,현장 방문 예약,
CS00780,C00538,C00538,U0080,U0080,장채원,전화,2025-03-19,240,이상치(장시간),재상담예정,잔금 일정 문의,
CS00781,C00403,C00403,U0151,U0151,전동현,전화,2024-12-02,15,,계약희망,가격 재문의,
CS00782,C00515,C00515,U0214,U0214,서주원,전화,2026-06-06,15,,거절,잔금 일정 문의,
CS00783,C00044,C00044,U0100,U0100,장채원,방문,2026-09-10,240,이상치(장시간),재상담예정,타 단지와 비교 중,
CS00784,C00155,C00155,U0095,U0095,안시윤,온라인,2025-06-21,240,이상치(장시간),계약희망,전세 대비 비교 요청,
CS00785,C00130,C00130,U0019,U0019,장채원,방문,2026-08-24,,비정상(0이하),거절,층향 재문의,
CS00786,C00357,C00357,U0156,U0156,안시윤,전화,2025-02-15,10,,거절,특약사항 확인 요청,
CS00787,C00472,C00472,U0204,U0204,조도윤,전화,2025-08-25,20,,계약희망,대출 상담 필요,
CS00788,C00188,C00188,,U9967,조도윤,방문,2026-06-25,90,,계약희망,가족과 상의 후 재연락,unit
CS00789,C00390,C00390,U0126,U0126,전동현,전화,2024-05-11,240,이상치(장시간),계약희망,,
CS00790,C00165,C00165,U0043,U0043,안시윤,전화,2025-08-19,10,,재상담예정,전세 대비 비교 요청,
CS00791,C00120,C00120,U0203,U0203,조도윤,전화,2026-11-11,,비정상(0이하),재상담예정,추가 자료 요청,
CS00792,C00132,C00132,U0172,U0172,서주원,방문,2024-11-13,10,,계약희망,대출 상담 필요,
CS00793,C00151,C00151,U0220,U0220,안시윤,전화,2026-08-10,20,,재상담예정,가격 재문의,
CS00794,C00549,C00549,U0136,U0136,서주원,전화,2026-02-28,,비정상(0이하),계약희망,타 단지와 비교 중,
CS00795,C00374,C00374,U0119,U0119,장은서,SNS,2024-06-23,,비정상(0이하),재상담예정,타 단지와 비교 중,
CS00796,C00154,C00154,U0177,U0177,임동현,SNS,2026-10-13,240,이상치(장시간),계약희망,가격 재문의,
CS00797,C00269,C00269,U0140,U0140,장은서,SNS,2025-02-12,45,,재상담예정,현장 방문 예약,
CS00798,C00346,C00346,U0146,U0146,한지민,SNS,2025-02-04,90,,계약희망,가격 재문의,
CS00799,C00077,C00077,U0062,U0062,조도윤,전화,2024-08-01,20,,재상담예정,현장 방문 예약,
CS00800,C00023,C00023,U0064,U0064,한지민,방문,2026-02-13,45,,재상담예정,대출 상담 필요,
CS00801,C00079,C00079,U0160,U0160,안시윤,전화,2025-06-21,30,,거절,가격 재문의,
CS00802,C00571,C00571,U0010,U0010,장은서,SNS,2026-09-01,20,,재상담예정,현장 방문 예약,
CS00803,C00355,C00355,U0220,U0220,한지민,방문,2024-05-21,45,,보류,전세 대비 비교 요청,
CS00804,C00523,C00523,U0006,U0006,김서준,전화,2026-01-14,,비정상(0이하),계약희망,,
CS00805,C00580,C00580,U0045,U0045,한지민,전화,2025-10-17,,비정상(0이하),거절,대출 상담 필요,
CS00806,C00406,C00406,U0197,U0197,서주원,방문,2026-08-05,,비정상(0이하),보류,가격 재문의,
CS00807,C00027,C00027,U0144,U0144,전동현,SNS,2024-07-27,45,,보류,전세 대비 비교 요청,
CS00808,C00520,C00520,U0017,U0017,안시윤,SNS,2024-09-16,,비정상(0이하),보류,현장 방문 예약,
CS00809,C00367,C00367,,U9932,장채원,전화,2024-04-23,10,,계약희망,특약사항 확인 요청,unit
CS00810,C00072,C00072,U0164,U0164,김서준,온라인,2024-03-18,20,,보류,가격 재문의,
CS00811,C00339,C00339,U0217,U0217,안시윤,방문,2024-02-20,10,,계약희망,잔금 일정 문의,
CS00812,C00179,C00179,U0015,U0015,서주원,SNS,2025-12-19,45,,보류,층향 재문의,
CS00813,C00365,C00365,U0124,U0124,홍태윤,전화,2025-02-21,20,,재상담예정,가격 재문의,
CS00814,C00220,C00220,U0143,U0143,김서준,SNS,2026-07-09,240,이상치(장시간),계약희망,계약금 조율 필요,
CS00815,C00511,C00511,U0048,U0048,홍태윤,전화,2025-12-21,30,,계약희망,가격 재문의,
CS00816,C00295,C00295,U0098,U0098,전동현,방문,2024-12-13,30,,재상담예정,계약금 조율 필요,
CS00817,C00154,C00154,U0039,U0039,김서준,전화,2024-10-11,30,,계약희망,전세 대비 비교 요청,
CS00818,C00409,C00409,U0140,U0140,장채원,전화,2024-06-15,,비정상(0이하),재상담예정,가족과 상의 후 재연락,
CS00819,C00262,C00262,U0205,U0205,임동현,방문,2024-01-26,,비정상(0이하),재상담예정,타 단지와 비교 중,
CS00820,C00587,C00587,U0053,U0053,장은서,방문,2025-10-02,,비정상(0이하),재상담예정,타 단지와 비교 중,
CS00821,C00336,C00336,U0206,U0206,김서준,방문,2025-12-25,45,,계약희망,전세 대비 비교 요청,
CS00822,C00573,C00573,U0018,U0018,임동현,전화,2024-08-09,45,,보류,잔금 일정 문의,
CS00823,C00187,C00187,U0034,U0034,전동현,온라인,2024-02-21,90,,보류,전세 대비 비교 요청,
CS00824,C00428,C00428,U0037,U0037,한지민,전화,2026-12-01,240,이상치(장시간),재상담예정,계약금 조율 필요,
CS00825,C00347,C00347,U0006,U0006,안시윤,방문,2024-07-21,60,,재상담예정,현장 방문 예약,
CS00826,C00385,C00385,U0155,U0155,한지민,전화,2026-09-01,20,,거절,전세 대비 비교 요청,
CS00827,C00357,C00357,U0098,U0098,안시윤,방문,2024-02-19,15,,계약희망,현장 방문 예약,
CS00828,C00418,C00418,U0206,U0206,김서준,전화,2025-05-16,,비정상(0이하),재상담예정,가격 재문의,
CS00829,C00026,C00026,U0069,U0069,장은서,방문,2025-01-17,30,,계약희망,전세 대비 비교 요청,
CS00830,C00198,C00198,U0159,U0159,전동현,전화,2024-02-14,45,,계약희망,가족과 상의 후 재연락,
CS00831,C00404,C00404,U0187,U0187,조도윤,전화,2024-06-08,45,,거절,계약금 조율 필요,
CS00832,C00496,C00496,U0031,U0031,김서준,온라인,2026-07-11,45,,보류,대출 상담 필요,
CS00833,C00206,C00206,U0187,U0187,안시윤,전화,2026-03-28,10,,보류,가격 재문의,
CS00834,,C99561,U0133,U0133,장은서,SNS,2025-12-23,90,,계약희망,가격 재문의,customer
CS00835,C00580,C00580,U0147,U0147,서주원,전화,2026-02-04,45,,계약희망,전세 대비 비교 요청,
CS00836,C00521,C00521,U0193,U0193,임동현,방문,2024-04-05,,비정상(0이하),계약희망,,
CS00837,C00515,C00515,U0148,U0148,김서준,전화,2026-12-20,10,,거절,잔금 일정 문의,
CS00838,C00171,C00171,U0022,U0022,김서준,SNS,2026-07-16,45,,계약희망,전세 대비 비교 요청,
CS00839,C00167,C00167,U0057,U0057,장은서,방문,2024-02-24,30,,계약희망,대출 상담 필요,
CS00840,C00519,C00519,U0155,U0155,조도윤,온라인,2025-12-09,60,,거절,타 단지와 비교 중,
CS00841,C00290,C00290,U0067,U0067,임동현,전화,2026-01-03,60,,거절,현장 방문 예약,
CS00842,,C99329,U0097,U0097,장채원,전화,2026-10-09,45,,재상담예정,계약금 조율 필요,customer
CS00843,C00018,C00018,U0025,U0025,홍태윤,방문,2024-05-21,10,,보류,타 단지와 비교 중,
CS00844,C00489,C00489,U0153,U0153,홍태윤,전화,2025-01-05,90,,계약희망,대출 상담 필요,
CS00845,C00537,C00537,U0084,U0084,임동현,전화,2025-04-26,60,,보류,특약사항 확인 요청,
CS00846,,C99301,U0023,U0023,안시윤,방문,2024-09-05,,비정상(0이하),재상담예정,대출 상담 필요,customer
CS00847,C00325,C00325,U0162,U0162,김서준,방문,2025-10-01,45,,계약희망,계약금 조율 필요,
CS00848,C00024,C00024,U0015,U0015,홍태윤,SNS,2025-01-02,15,,재상담예정,대출 상담 필요,
CS00849,C00370,C00370,U0191,U0191,서주원,전화,2024-03-19,90,,거절,층향 재문의,
CS00850,,C99753,U0110,U0110,한지민,전화,2025-04-27,45,,거절,,customer
CS00851,C00544,C00544,U0113,U0113,전동현,방문,2024-11-10,90,,거절,가족과 상의 후 재연락,
CS00852,C00269,C00269,U0185,U0185,장은서,온라인,2026-04-24,45,,거절,층향 재문의,
CS00853,C00066,C00066,U0105,U0105,홍태윤,방문,2024-06-25,15,,보류,현장 방문 예약,
CS00854,C00003,C00003,U0131,U0131,안시윤,전화,2025-12-26,90,,보류,잔금 일정 문의,
CS00855,C00319,C00319,U0160,U0160,한지민,전화,2025-09-15,,비정상(0이하),계약희망,,
CS00856,C00227,C00227,U0164,U0164,조도윤,전화,2024-01-14,15,,재상담예정,잔금 일정 문의,
CS00857,C00025,C00025,U0081,U0081,김서준,전화,2024-05-02,45,,계약희망,타 단지와 비교 중,
CS00858,C00427,C00427,U0164,U0164,홍태윤,전화,2025-10-24,60,,보류,가격 재문의,
CS00859,C00322,C00322,U0071,U0071,서주원,방문,2026-02-25,15,,계약희망,층향 재문의,
CS00860,C00251,C00251,U0119,U0119,임동현,전화,2026-07-08,45,,거절,층향 재문의,
CS00861,C00509,C00509,U0186,U0186,조도윤,전화,2026-05-19,90,,재상담예정,잔금 일정 문의,
CS00862,C00290,C00290,U0026,U0026,안시윤,전화,2024-03-03,20,,거절,대출 상담 필요,
CS00863,C00336,C00336,U0008,U0008,조도윤,전화,2025-01-10,240,이상치(장시간),재상담예정,타 단지와 비교 중,
CS00864,C00039,C00039,U0165,U0165,홍태윤,전화,2025-01-02,30,,보류,대출 상담 필요,
CS00865,C00281,C00281,U0212,U0212,한지민,전화,2026-01-03,15,,보류,잔금 일정 문의,
CS00866,C00435,C00435,U0062,U0062,장채원,방문,2026-08-24,15,,계약희망,현장 방문 예약,
CS00867,C00070,C00070,U0027,U0027,장채원,전화,2025-03-25,60,,거절,대출 상담 필요,
CS00868,C00568,C00568,U0217,U0217,전동현,방문,2025-09-11,60,,거절,가족과 상의 후 재연락,
CS00869,C00516,C00516,U0181,U0181,장은서,전화,2025-03-18,,비정상(0이하),재상담예정,전세 대비 비교 요청,
CS00870,C00375,C00375,U0120,U0120,조도윤,방문,2025-02-14,10,,재상담예정,타 단지와 비교 중,
CS00871,C00223,C00223,U0174,U0174,장은서,방문,2026-11-13,45,,계약희망,가족과 상의 후 재연락,
CS00872,C00589,C00589,U0059,U0059,전동현,온라인,2025-09-28,15,,계약희망,가격 재문의,
CS00873,C00461,C00461,U0091,U0091,한지민,전화,2026-01-01,20,,보류,현장 방문 예약,
CS00874,C00336,C00336,U0212,U0212,장채원,전화,2026-01-26,90,,재상담예정,잔금 일정 문의,
CS00875,C00284,C00284,U0006,U0006,서주원,전화,2025-11-22,60,,계약희망,가족과 상의 후 재연락,
CS00876,C00358,C00358,U0094,U0094,서주원,전화,2024-02-11,10,,보류,현장 방문 예약,
CS00877,,C99950,U0003,U0003,한지민,온라인,2025-01-27,,비정상(0이하),보류,추가 자료 요청,customer
CS00878,C00320,C00320,U0057,U0057,조도윤,방문,2025-09-28,45,,거절,대출 상담 필요,
CS00879,C00027,C00027,U0208,U0208,전동현,온라인,2024-06-28,30,,재상담예정,계약금 조율 필요,
CS00880,C00275,C00275,U0183,U0183,임동현,SNS,2025-12-10,90,,계약희망,특약사항 확인 요청,
CS00881,C00460,C00460,U0024,U0024,한지민,방문,2025-01-27,15,,보류,계약금 조율 필요,
CS00882,C00548,C00548,U0150,U0150,조도윤,전화,2024-06-16,30,,계약희망,타 단지와 비교 중,
CS00883,C00224,C00224,U0115,U0115,장채원,전화,2025-02-05,30,,재상담예정,층향 재문의,
CS00884,C00287,C00287,U0067,U0067,장은서,온라인,2026-01-25,240,이상치(장시간),계약희망,타 단지와 비교 중,
CS00885,C00396,C00396,U0112,U0112,장은서,온라인,2025-05-14,,비정상(0이하),재상담예정,대출 상담 필요,
CS00886,C00278,C00278,U0016,U0016,한지민,방문,2025-02-12,90,,보류,계약금 조율 필요,
CS00887,C00455,C00455,U0125,U0125,장은서,전화,2024-09-01,20,,거절,층향 재문의,
CS00888,C00161,C00161,U0172,U0172,안시윤,전화,2024-03-19,20,,재상담예정,,
CS00889,C00424,C00424,U0038,U0038,전동현,방문,2024-09-17,45,,거절,타 단지와 비교 중,
CS00890,C00151,C00151,U0097,U0097,안시윤,SNS,2024-08-03,30,,재상담예정,계약금 조율 필요,
CS00891,C00089,C00089,U0092,U0092,장은서,전화,2024-09-14,,비정상(0이하),계약희망,잔금 일정 문의,
CS00892,C00383,C00383,U0134,U0134,전동현,전화,2026-11-08,20,,보류,잔금 일정 문의,
CS00893,C00334,C00334,U0007,U0007,장채원,전화,2026-03-16,30,,거절,전세 대비 비교 요청,
CS00894,C00518,C00518,U0066,U0066,김서준,방문,2025-04-22,60,,계약희망,전세 대비 비교 요청,
CS00895,C00451,C00451,U0087,U0087,장채원,전화,2024-07-28,15,,거절,타 단지와 비교 중,
CS00896,C00489,C00489,U0104,U0104,홍태윤,전화,2024-08-24,30,,보류,,
CS00897,C00121,C00121,U0028,U0028,김서준,방문,2025-06-21,,비정상(0이하),계약희망,현장 방문 예약,
CS00898,C00148,C00148,U0076,U0076,한지민,전화,2026-06-04,45,,보류,가격 재문의,
CS00899,C00504,C00504,U0027,U0027,홍태윤,온라인,2026-01-07,240,이상치(장시간),재상담예정,전세 대비 비교 요청,
CS00900,,C99911,U0069,U0069,전동현,전화,2025-05-16,15,,계약희망,계약금 조율 필요,customer
CS00901,C00138,C00138,,U9927,전동현,전화,2024-07-07,,비정상(0이하),계약희망,잔금 일정 문의,unit
CS00902,C00095,C00095,U0048,U0048,김서준,SNS,2025-03-09,45,,재상담예정,타 단지와 비교 중,
CS00903,C00265,C00265,U0114,U0114,임동현,전화,2024-09-01,,비정상(0이하),거절,잔금 일정 문의,
CS00904,C00455,C00455,U0090,U0090,장채원,SNS,2026-09-11,15,,보류,타 단지와 비교 중,
CS00905,C00338,C00338,U0195,U0195,서주원,전화,2026-02-06,240,이상치(장시간),계약희망,잔금 일정 문의,
CS00906,C00265,C00265,U0016,U0016,김서준,전화,2025-12-14,,비정상(0이하),재상담예정,타 단지와 비교 중,
CS00907,C00534,C00534,U0092,U0092,장채원,전화,2026-08-09,240,이상치(장시간),계약희망,층향 재문의,
CS00908,C00224,C00224,,U9995,전동현,온라인,2025-06-25,90,,계약희망,전세 대비 비교 요청,unit
CS00909,C00116,C00116,U0043,U0043,임동현,전화,2024-06-25,45,,계약희망,전세 대비 비교 요청,
CS00910,C00079,C00079,U0045,U0045,홍태윤,전화,2025-04-08,30,,보류,특약사항 확인 요청,
CS00911,C00282,C00282,U0208,U0208,서주원,SNS,2026-06-12,10,,거절,특약사항 확인 요청,
CS00912,C00054,C00054,U0104,U0104,장채원,SNS,2026-09-10,30,,보류,가족과 상의 후 재연락,
CS00913,C00394,C00394,U0064,U0064,전동현,전화,2024-10-14,20,,계약희망,,
CS00914,C00047,C00047,U0213,U0213,장채원,전화,2025-05-03,20,,거절,전세 대비 비교 요청,
CS00915,C00404,C00404,U0157,U0157,임동현,방문,2024-01-04,20,,계약희망,계약금 조율 필요,
CS00916,C00591,C00591,U0096,U0096,장채원,전화,2024-01-13,20,,계약희망,가족과 상의 후 재연락,
CS00917,C00014,C00014,U0204,U0204,서주원,SNS,2024-03-13,,비정상(0이하),보류,추가 자료 요청,
CS00918,C00526,C00526,U0109,U0109,조도윤,전화,2025-08-11,20,,계약희망,타 단지와 비교 중,
CS00919,C00377,C00377,U0109,U0109,장채원,온라인,2024-01-01,240,이상치(장시간),계약희망,잔금 일정 문의,
CS00920,C00311,C00311,U0070,U0070,안시윤,SNS,2024-12-04,15,,거절,가격 재문의,
CS00921,C00519,C00519,U0054,U0054,한지민,SNS,2024-02-19,15,,계약희망,층향 재문의,
CS00922,C00387,C00387,U0152,U0152,홍태윤,전화,2024-05-15,240,이상치(장시간),거절,타 단지와 비교 중,
CS00923,C00010,C00010,U0129,U0129,조도윤,방문,2026-05-21,60,,계약희망,잔금 일정 문의,
CS00924,C00387,C00387,U0011,U0011,임동현,SNS,2026-07-27,240,이상치(장시간),보류,전세 대비 비교 요청,
CS00925,C00430,C00430,U0111,U0111,안시윤,방문,2025-10-02,20,,거절,현장 방문 예약,
CS00926,C00480,C00480,U0134,U0134,조도윤,SNS,2026-06-24,,비정상(0이하),계약희망,타 단지와 비교 중,
CS00927,C00596,C00596,U0182,U0182,전동현,전화,2024-07-26,20,,보류,,
CS00928,C00466,C00466,U0093,U0093,안시윤,방문,2024-11-28,60,,재상담예정,타 단지와 비교 중,
CS00929,C00417,C00417,U0047,U0047,안시윤,전화,2024-02-18,20,,재상담예정,타 단지와 비교 중,
CS00930,C00004,C00004,U0151,U0151,홍태윤,온라인,2024-11-01,15,,계약희망,잔금 일정 문의,
CS00931,C00399,C00399,,U9901,김서준,온라인,2026-12-21,90,,재상담예정,가격 재문의,unit
CS00932,C00077,C00077,U0001,U0001,김서준,SNS,2025-01-19,60,,거절,,
CS00933,,C99237,U0158,U0158,임동현,전화,2026-02-19,30,,계약희망,전세 대비 비교 요청,customer
CS00934,C00544,C00544,U0077,U0077,김서준,전화,2024-02-19,30,,재상담예정,가격 재문의,
CS00935,C00467,C00467,U0125,U0125,서주원,전화,2025-07-09,90,,계약희망,계약금 조율 필요,
CS00936,C00088,C00088,U0101,U0101,전동현,전화,2026-09-23,60,,보류,계약금 조율 필요,
CS00937,C00031,C00031,U0109,U0109,서주원,SNS,2025-11-05,30,,보류,현장 방문 예약,
CS00938,,C99959,U0203,U0203,한지민,온라인,2025-12-03,90,,계약희망,현장 방문 예약,customer
CS00939,C00236,C00236,U0210,U0210,장은서,방문,2026-04-15,20,,재상담예정,층향 재문의,
CS00940,C00194,C00194,U0108,U0108,한지민,전화,2024-07-28,30,,거절,현장 방문 예약,
CS00941,C00249,C00249,U0220,U0220,서주원,방문,2026-09-15,10,,계약희망,가족과 상의 후 재연락,
CS00942,C00445,C00445,U0047,U0047,장은서,전화,2024-05-18,30,,거절,대출 상담 필요,
CS00943,C00537,C00537,U0069,U0069,장채원,전화,2025-04-17,90,,계약희망,타 단지와 비교 중,
CS00944,C00436,C00436,U0198,U0198,김서준,전화,2026-04-13,20,,재상담예정,타 단지와 비교 중,
CS00945,C00214,C00214,U0188,U0188,장채원,전화,2024-11-01,10,,거절,계약금 조율 필요,
CS00946,C00144,C00144,U0101,U0101,장채원,전화,2024-06-25,240,이상치(장시간),계약희망,전세 대비 비교 요청,
CS00947,C00475,C00475,U0020,U0020,김서준,방문,2025-01-10,,비정상(0이하),재상담예정,층향 재문의,
CS00948,C00536,C00536,U0055,U0055,조도윤,방문,2025-12-13,15,,거절,현장 방문 예약,
CS00949,C00599,C00599,U0218,U0218,김서준,방문,2026-07-25,30,,거절,추가 자료 요청,
CS00950,C00298,C00298,U0210,U0210,홍태윤,방문,2026-10-02,10,,보류,전세 대비 비교 요청,
CS00951,,C99529,U0079,U0079,김서준,전화,2026-08-21,,비정상(0이하),보류,특약사항 확인 요청,customer
CS00952,C00119,C00119,U0110,U0110,장은서,전화,2024-04-23,30,,계약희망,층향 재문의,
CS00953,C00246,C00246,U0102,U0102,김서준,방문,2025-11-07,10,,계약희망,층향 재문의,
CS00954,C00500,C00500,U0047,U0047,서주원,전화,2025-10-21,45,,재상담예정,층향 재문의,
CS00955,C00107,C00107,U0056,U0056,김서준,방문,2025-11-20,10,,계약희망,현장 방문 예약,
CS00956,C00235,C00235,U0209,U0209,장은서,전화,2026-12-20,,비정상(0이하),거절,가격 재문의,
CS00957,C00356,C00356,U0036,U0036,조도윤,전화,2026-08-02,45,,계약희망,층향 재문의,
CS00958,C00442,C00442,,U9950,서주원,전화,2024-03-27,10,,계약희망,,unit
CS00959,C00557,C00557,U0208,U0208,서주원,온라인,2024-09-27,240,이상치(장시간),계약희망,타 단지와 비교 중,
CS00960,C00588,C00588,U0197,U0197,전동현,전화,2024-08-03,,비정상(0이하),거절,전세 대비 비교 요청,
CS00961,C00339,C00339,U0151,U0151,조도윤,SNS,2024-04-23,240,이상치(장시간),계약희망,,
CS00962,C00225,C00225,U0078,U0078,서주원,전화,2026-10-23,10,,계약희망,전세 대비 비교 요청,
CS00963,C00588,C00588,U0098,U0098,장은서,SNS,2024-10-11,,비정상(0이하),계약희망,층향 재문의,
CS00964,C00394,C00394,U0070,U0070,임동현,전화,2026-12-25,45,,계약희망,계약금 조율 필요,
CS00965,C00196,C00196,U0121,U0121,한지민,SNS,2024-07-21,90,,거절,,
CS00966,C00424,C00424,U0194,U0194,장채원,온라인,2024-02-13,45,,계약희망,대출 상담 필요,
CS00967,,C99962,U0115,U0115,홍태윤,전화,2024-08-02,240,이상치(장시간),계약희망,계약금 조율 필요,customer
CS00968,C00094,C00094,U0132,U0132,장은서,온라인,2024-09-21,15,,계약희망,타 단지와 비교 중,
CS00969,C00434,C00434,U0141,U0141,안시윤,전화,2025-05-27,,비정상(0이하),계약희망,계약금 조율 필요,
CS00970,C00121,C00121,U0169,U0169,한지민,방문,2025-10-06,,비정상(0이하),계약희망,현장 방문 예약,
CS00971,C00084,C00084,U0185,U0185,김서준,전화,2025-02-06,,비정상(0이하),계약희망,층향 재문의,
CS00972,C00567,C00567,U0062,U0062,김서준,SNS,2025-01-21,20,,거절,잔금 일정 문의,
CS00973,C00522,C00522,U0206,U0206,안시윤,방문,2026-11-06,45,,계약희망,타 단지와 비교 중,
CS00974,C00028,C00028,U0076,U0076,안시윤,SNS,2026-03-10,20,,계약희망,전세 대비 비교 요청,
CS00975,C00195,C00195,U0040,U0040,홍태윤,전화,2025-06-08,10,,재상담예정,추가 자료 요청,
CS00976,C00483,C00483,U0097,U0097,임동현,전화,2025-01-05,45,,거절,가격 재문의,
CS00977,C00297,C00297,U0179,U0179,조도윤,방문,2025-09-25,15,,거절,,
CS00978,C00190,C00190,U0103,U0103,서주원,전화,2025-09-18,20,,계약희망,계약금 조율 필요,
CS00979,C00342,C00342,U0095,U0095,임동현,온라인,2026-07-14,20,,재상담예정,현장 방문 예약,
CS00980,C00451,C00451,U0160,U0160,홍태윤,전화,2025-05-19,15,,계약희망,계약금 조율 필요,
CS00981,C00191,C00191,U0013,U0013,홍태윤,온라인,2024-10-17,90,,계약희망,전세 대비 비교 요청,
CS00982,,C99426,U0102,U0102,홍태윤,SNS,2025-10-19,90,,재상담예정,전세 대비 비교 요청,customer
CS00983,C00463,C00463,U0154,U0154,조도윤,SNS,2024-10-24,240,이상치(장시간),재상담예정,현장 방문 예약,
CS00984,C00117,C00117,U0182,U0182,전동현,전화,2026-03-12,90,,계약희망,타 단지와 비교 중,
CS00985,C00479,C00479,U0207,U0207,임동현,SNS,2026-04-04,60,,계약희망,대출 상담 필요,
CS00986,C00104,C00104,,U9900,장은서,전화,2024-05-10,10,,계약희망,잔금 일정 문의,unit
CS00987,C00484,C00484,U0073,U0073,서주원,전화,2026-02-07,45,,재상담예정,특약사항 확인 요청,
CS00988,C00242,C00242,U0216,U0216,조도윤,전화,2024-01-19,240,이상치(장시간),재상담예정,잔금 일정 문의,
CS00989,C00227,C00227,U0171,U0171,장채원,온라인,2024-05-01,60,,보류,특약사항 확인 요청,
CS00990,C00030,C00030,U0125,U0125,장채원,전화,2025-10-26,15,,계약희망,현장 방문 예약,
CS00991,C00595,C00595,U0146,U0146,김서준,온라인,2026-01-21,60,,계약희망,계약금 조율 필요,
CS00992,C00275,C00275,U0001,U0001,김서준,전화,2025-07-04,,비정상(0이하),보류,,
CS00993,C00440,C00440,U0002,U0002,홍태윤,전화,2025-08-09,15,,보류,계약금 조율 필요,
CS00994,C00559,C00559,U0104,U0104,임동현,온라인,2024-08-16,,비정상(0이하),계약희망,가족과 상의 후 재연락,
CS00995,C00200,C00200,U0148,U0148,장채원,방문,2024-01-05,60,,계약희망,계약금 조율 필요,
CS00996,C00592,C00592,U0011,U0011,한지민,전화,2026-03-26,45,,거절,층향 재문의,
CS00997,,C99277,U0127,U0127,홍태윤,SNS,2025-12-18,90,,계약희망,가격 재문의,customer
CS00998,C00114,C00114,U0020,U0020,전동현,전화,2026-02-26,,비정상(0이하),보류,,
CS00999,C00206,C00206,U0152,U0152,한지민,전화,2025-06-13,30,,계약희망,층향 재문의,
CS01000,C00012,C00012,U0089,U0089,안시윤,방문,2026-02-24,15,,계약희망,현장 방문 예약,
CS01001,C00562,C00562,U0171,U0171,장은서,전화,2025-01-21,,비정상(0이하),계약희망,가족과 상의 후 재연락,
CS01002,C00132,C00132,U0082,U0082,임동현,온라인,2024-09-09,10,,계약희망,,
CS01003,C00271,C00271,U0101,U0101,조도윤,전화,2026-12-02,30,,계약희망,층향 재문의,
CS01004,C00134,C00134,U0072,U0072,조도윤,전화,2026-12-01,,비정상(0이하),보류,전세 대비 비교 요청,
CS01005,C00186,C00186,U0098,U0098,임동현,SNS,2025-12-20,30,,재상담예정,타 단지와 비교 중,
CS01006,C00354,C00354,U0049,U0049,조도윤,전화,2025-05-09,10,,재상담예정,계약금 조율 필요,
CS01007,C00482,C00482,U0155,U0155,서주원,방문,2024-10-06,10,,거절,가족과 상의 후 재연락,
CS01008,C00385,C00385,U0175,U0175,서주원,전화,2024-07-13,15,,계약희망,특약사항 확인 요청,
CS01009,C00155,C00155,U0042,U0042,서주원,전화,2024-03-22,15,,보류,타 단지와 비교 중,
CS01010,C00290,C00290,U0154,U0154,한지민,전화,2026-01-16,,비정상(0이하),거절,계약금 조율 필요,
CS01011,C00125,C00125,U0174,U0174,장은서,방문,2024-11-07,15,,계약희망,전세 대비 비교 요청,
CS01012,C00165,C00165,U0063,U0063,김서준,온라인,2025-08-26,90,,보류,가족과 상의 후 재연락,
CS01013,C00553,C00553,U0148,U0148,홍태윤,전화,2024-06-08,10,,거절,가격 재문의,
CS01014,C00223,C00223,U0209,U0209,조도윤,전화,2025-01-07,90,,재상담예정,가족과 상의 후 재연락,
CS01015,C00122,C00122,U0062,U0062,조도윤,방문,2024-06-02,20,,재상담예정,잔금 일정 문의,
CS01016,C00210,C00210,U0151,U0151,서주원,온라인,2024-10-02,240,이상치(장시간),보류,,
CS01017,C00535,C00535,,U9933,장은서,전화,2025-03-23,30,,계약희망,특약사항 확인 요청,unit
CS01018,C00047,C00047,U0148,U0148,장채원,전화,2024-07-02,10,,거절,계약금 조율 필요,
CS01019,C00396,C00396,U0066,U0066,안시윤,전화,2026-10-05,10,,계약희망,잔금 일정 문의,
CS01020,C00418,C00418,U0058,U0058,서주원,전화,2024-09-01,,비정상(0이하),거절,층향 재문의,
CS01021,C00261,C00261,U0215,U0215,홍태윤,전화,2025-07-13,20,,계약희망,계약금 조율 필요,
CS01022,C00165,C00165,U0105,U0105,홍태윤,전화,2024-07-04,90,,계약희망,계약금 조율 필요,
CS01023,C00151,C00151,U0164,U0164,임동현,전화,2025-07-01,20,,계약희망,특약사항 확인 요청,
CS01024,C00422,C00422,U0019,U0019,장은서,SNS,2024-11-01,15,,계약희망,현장 방문 예약,
CS01025,C00537,C00537,U0081,U0081,전동현,전화,2025-09-15,240,이상치(장시간),거절,대출 상담 필요,
CS01026,C00271,C00271,U0084,U0084,한지민,전화,2026-05-02,90,,거절,추가 자료 요청,
CS01027,C00506,C00506,U0082,U0082,조도윤,전화,2024-10-24,15,,거절,추가 자료 요청,
CS01028,C00324,C00324,U0110,U0110,안시윤,방문,2024-09-08,30,,계약희망,계약금 조율 필요,
CS01029,C00166,C00166,U0002,U0002,임동현,방문,2025-01-25,20,,계약희망,층향 재문의,
CS01030,C00160,C00160,U0002,U0002,전동현,전화,2024-10-06,20,,보류,가족과 상의 후 재연락,
CS01031,C00524,C00524,U0037,U0037,홍태윤,SNS,2026-12-16,30,,재상담예정,잔금 일정 문의,
CS01032,C00013,C00013,U0144,U0144,김서준,방문,2025-04-25,20,,계약희망,,
CS01033,C00243,C00243,U0113,U0113,임동현,전화,2024-10-23,20,,계약희망,타 단지와 비교 중,
CS01034,C00341,C00341,U0006,U0006,김서준,SNS,2025-12-01,15,,계약희망,잔금 일정 문의,
CS01035,C00187,C00187,U0077,U0077,홍태윤,전화,2024-10-19,,비정상(0이하),재상담예정,특약사항 확인 요청,
CS01036,C00596,C00596,U0085,U0085,전동현,방문,2026-06-05,90,,계약희망,추가 자료 요청,
CS01037,C00064,C00064,U0052,U0052,김서준,전화,2024-02-01,10,,보류,,
CS01038,C00104,C00104,U0195,U0195,홍태윤,방문,2026-12-25,20,,재상담예정,가족과 상의 후 재연락,
CS01039,C00060,C00060,U0107,U0107,김서준,전화,2026-12-02,90,,계약희망,계약금 조율 필요,
CS01040,C00580,C00580,U0093,U0093,안시윤,온라인,2025-01-11,240,이상치(장시간),거절,타 단지와 비교 중,
CS01041,C00337,C00337,U0187,U0187,전동현,온라인,2026-08-26,45,,거절,가격 재문의,
CS01042,C00221,C00221,U0195,U0195,홍태윤,전화,2024-07-15,90,,계약희망,현장 방문 예약,
CS01043,,C99040,U0063,U0063,김서준,전화,2024-09-22,60,,계약희망,잔금 일정 문의,customer
CS01044,C00549,C00549,U0081,U0081,조도윤,SNS,2026-10-07,15,,계약희망,,
CS01045,C00589,C00589,U0215,U0215,한지민,전화,2025-10-26,15,,계약희망,특약사항 확인 요청,
CS01046,,C99288,U0153,U0153,김서준,전화,2026-04-05,90,,보류,전세 대비 비교 요청,customer
CS01047,C00164,C00164,U0026,U0026,조도윤,방문,2024-12-18,240,이상치(장시간),계약희망,특약사항 확인 요청,
CS01048,C00150,C00150,U0087,U0087,홍태윤,방문,2024-01-23,15,,보류,타 단지와 비교 중,
CS01049,C00072,C00072,U0136,U0136,홍태윤,전화,2025-08-10,20,,재상담예정,추가 자료 요청,
CS01050,C00422,C00422,U0017,U0017,임동현,방문,2026-09-05,20,,계약희망,,
CS01051,C00180,C00180,U0169,U0169,전동현,전화,2025-02-13,,비정상(0이하),보류,추가 자료 요청,
CS01052,C00197,C00197,U0095,U0095,조도윤,전화,2025-12-19,240,이상치(장시간),거절,층향 재문의,
CS01053,C00330,C00330,U0160,U0160,임동현,전화,2025-04-22,,비정상(0이하),재상담예정,타 단지와 비교 중,
CS01054,C00452,C00452,U0031,U0031,김서준,방문,2026-01-19,20,,보류,가격 재문의,
CS01055,C00472,C00472,U0092,U0092,김서준,전화,2026-08-22,,비정상(0이하),계약희망,현장 방문 예약,
CS01056,C00231,C00231,U0195,U0195,한지민,방문,2025-06-04,20,,계약희망,가격 재문의,
CS01057,C00165,C00165,U0115,U0115,한지민,전화,2025-09-28,20,,재상담예정,현장 방문 예약,
CS01058,C00327,C00327,U0028,U0028,조도윤,방문,2025-05-09,15,,계약희망,타 단지와 비교 중,
CS01059,C00452,C00452,U0105,U0105,안시윤,방문,2025-01-17,30,,계약희망,계약금 조율 필요,
CS01060,C00045,C00045,U0105,U0105,홍태윤,SNS,2026-05-26,45,,재상담예정,가격 재문의,
CS01061,C00031,C00031,U0178,U0178,임동현,전화,2024-09-20,,비정상(0이하),거절,추가 자료 요청,
CS01062,C00162,C00162,U0172,U0172,장채원,방문,2026-07-21,15,,계약희망,계약금 조율 필요,
CS01063,C00500,C00500,U0087,U0087,안시윤,전화,2026-05-04,30,,계약희망,가격 재문의,
CS01064,C00511,C00511,U0011,U0011,한지민,전화,2025-07-25,,비정상(0이하),재상담예정,,
CS01065,C00019,C00019,,U9943,전동현,온라인,2026-11-25,,비정상(0이하),재상담예정,가격 재문의,unit
CS01066,C00596,C00596,U0065,U0065,서주원,전화,2026-01-26,30,,계약희망,타 단지와 비교 중,
CS01067,C00491,C00491,U0157,U0157,홍태윤,전화,2024-08-07,45,,재상담예정,,
CS01068,C00591,C00591,U0137,U0137,한지민,방문,2025-10-12,15,,재상담예정,추가 자료 요청,
CS01069,C00438,C00438,U0176,U0176,조도윤,온라인,2024-04-01,,비정상(0이하),거절,,
CS01070,C00375,C00375,U0179,U0179,홍태윤,SNS,2025-02-19,90,,보류,타 단지와 비교 중,
CS01071,C00316,C00316,U0165,U0165,한지민,온라인,2026-07-23,240,이상치(장시간),재상담예정,잔금 일정 문의,
CS01072,C00182,C00182,U0218,U0218,김서준,온라인,2024-12-01,90,,보류,,
CS01073,C00427,C00427,U0208,U0208,홍태윤,전화,2024-08-18,,비정상(0이하),재상담예정,특약사항 확인 요청,
CS01074,C00033,C00033,U0107,U0107,임동현,온라인,2026-01-14,20,,보류,가족과 상의 후 재연락,
CS01075,C00402,C00402,U0160,U0160,임동현,방문,2026-01-05,20,,계약희망,가격 재문의,
CS01076,C00295,C00295,U0204,U0204,조도윤,방문,2025-06-27,45,,거절,계약금 조율 필요,
CS01077,C00079,C00079,U0181,U0181,안시윤,전화,2026-08-14,,비정상(0이하),계약희망,층향 재문의,
CS01078,C00357,C00357,U0011,U0011,서주원,전화,2026-04-15,,비정상(0이하),거절,계약금 조율 필요,
CS01079,C00024,C00024,U0149,U0149,홍태윤,전화,2026-10-25,90,,보류,층향 재문의,
CS01080,C00106,C00106,U0114,U0114,전동현,방문,2026-01-28,20,,보류,가족과 상의 후 재연락,
CS01081,C00415,C00415,U0028,U0028,안시윤,방문,2026-11-20,10,,계약희망,대출 상담 필요,
CS01082,C00104,C00104,U0166,U0166,조도윤,온라인,2026-11-13,15,,계약희망,,
CS01083,,C99411,U0100,U0100,전동현,방문,2026-01-28,15,,보류,계약금 조율 필요,customer
CS01084,C00121,C00121,U0037,U0037,조도윤,전화,2026-04-08,45,,계약희망,계약금 조율 필요,
CS01085,C00600,C00600,U0081,U0081,장채원,전화,2025-06-15,,비정상(0이하),보류,가족과 상의 후 재연락,
CS01086,C00186,C00186,,U9962,홍태윤,SNS,2025-04-24,15,,거절,,unit
CS01087,C00482,C00482,U0197,U0197,서주원,방문,2026-01-12,20,,보류,층향 재문의,
CS01088,C00397,C00397,U0072,U0072,임동현,방문,2025-06-17,,비정상(0이하),거절,대출 상담 필요,
CS01089,C00450,C00450,U0014,U0014,임동현,전화,2026-02-25,20,,보류,현장 방문 예약,
CS01090,C00373,C00373,U0030,U0030,전동현,방문,2025-09-20,15,,재상담예정,전세 대비 비교 요청,
CS01091,C00079,C00079,U0037,U0037,김서준,전화,2025-11-09,60,,재상담예정,전세 대비 비교 요청,
CS01092,,C99779,U0060,U0060,한지민,전화,2025-12-28,90,,보류,전세 대비 비교 요청,customer
CS01093,C00400,C00400,U0195,U0195,안시윤,방문,2026-04-28,15,,보류,전세 대비 비교 요청,
CS01094,C00121,C00121,U0060,U0060,전동현,온라인,2025-09-25,30,,계약희망,특약사항 확인 요청,
CS01095,C00152,C00152,U0181,U0181,임동현,온라인,2026-03-27,30,,재상담예정,추가 자료 요청,
CS01096,C00076,C00076,U0089,U0089,김서준,전화,2025-09-08,240,이상치(장시간),보류,잔금 일정 문의,
CS01097,C00112,C00112,U0217,U0217,안시윤,전화,2025-07-06,15,,계약희망,,
CS01098,C00531,C00531,U0157,U0157,전동현,온라인,2024-08-01,60,,계약희망,층향 재문의,
CS01099,C00049,C00049,U0142,U0142,한지민,방문,2025-02-08,45,,계약희망,추가 자료 요청,
CS01100,C00463,C00463,U0144,U0144,홍태윤,온라인,2025-08-10,10,,거절,,
CS01101,C00457,C00457,U0198,U0198,전동현,전화,2024-07-28,60,,보류,대출 상담 필요,
CS01102,C00512,C00512,U0107,U0107,김서준,전화,2025-02-20,90,,계약희망,가격 재문의,
CS01103,C00021,C00021,U0192,U0192,홍태윤,온라인,2024-05-06,10,,보류,잔금 일정 문의,
CS01104,C00328,C00328,U0011,U0011,조도윤,SNS,2024-12-15,90,,재상담예정,특약사항 확인 요청,
CS01105,C00160,C00160,U0025,U0025,홍태윤,전화,2025-10-03,60,,재상담예정,대출 상담 필요,
CS01106,C00397,C00397,U0158,U0158,한지민,전화,2024-06-03,,비정상(0이하),재상담예정,잔금 일정 문의,
CS01107,C00478,C00478,U0097,U0097,장은서,온라인,2024-09-13,30,,계약희망,전세 대비 비교 요청,
CS01108,C00466,C00466,U0092,U0092,안시윤,온라인,2026-07-20,60,,재상담예정,,
CS01109,C00308,C00308,U0068,U0068,임동현,전화,2025-10-02,10,,거절,특약사항 확인 요청,
CS01110,C00274,C00274,U0054,U0054,조도윤,전화,2025-05-22,45,,보류,층향 재문의,
CS01111,C00373,C00373,U0001,U0001,안시윤,전화,2024-04-03,45,,계약희망,특약사항 확인 요청,
CS01112,C00407,C00407,U0213,U0213,장채원,방문,2025-02-04,45,,재상담예정,전세 대비 비교 요청,
CS01113,C00523,C00523,U0035,U0035,안시윤,전화,2024-05-01,240,이상치(장시간),재상담예정,현장 방문 예약,
CS01114,C00303,C00303,U0014,U0014,서주원,방문,2025-09-02,10,,계약희망,잔금 일정 문의,
CS01115,C00477,C00477,U0084,U0084,장은서,전화,2024-05-08,90,,계약희망,계약금 조율 필요,
CS01116,C00100,C00100,U0117,U0117,안시윤,전화,2026-11-13,,비정상(0이하),거절,계약금 조율 필요,
CS01117,C00378,C00378,U0141,U0141,장채원,SNS,2024-03-28,90,,계약희망,특약사항 확인 요청,
CS01118,C00106,C00106,U0191,U0191,임동현,전화,2025-01-02,20,,재상담예정,특약사항 확인 요청,
CS01119,C00052,C00052,U0005,U0005,서주원,전화,2024-03-10,15,,계약희망,현장 방문 예약,
CS01120,C00435,C00435,U0027,U0027,장채원,온라인,2025-06-24,240,이상치(장시간),재상담예정,가족과 상의 후 재연락,
CS01121,C00581,C00581,U0133,U0133,전동현,전화,2024-03-09,10,,보류,타 단지와 비교 중,
CS01122,C00554,C00554,U0097,U0097,전동현,방문,2024-02-22,240,이상치(장시간),거절,층향 재문의,
CS01123,C00280,C00280,U0148,U0148,홍태윤,전화,2024-11-06,60,,계약희망,가족과 상의 후 재연락,
CS01124,C00002,C00002,U0154,U0154,홍태윤,SNS,2025-11-10,60,,계약희망,현장 방문 예약,
CS01125,C00511,C00511,U0077,U0077,장채원,전화,2025-01-06,45,,거절,타 단지와 비교 중,
CS01126,C00492,C00492,U0150,U0150,장은서,SNS,2024-07-25,,비정상(0이하),계약희망,층향 재문의,
CS01127,C00498,C00498,U0160,U0160,안시윤,온라인,2024-06-13,15,,재상담예정,특약사항 확인 요청,
CS01128,C00491,C00491,U0017,U0017,조도윤,전화,2025-03-12,30,,재상담예정,현장 방문 예약,
CS01129,C00016,C00016,U0122,U0122,장채원,전화,2025-04-08,90,,거절,현장 방문 예약,
CS01130,C00221,C00221,U0171,U0171,홍태윤,전화,2024-09-19,90,,보류,잔금 일정 문의,
CS01131,C00307,C00307,U0182,U0182,한지민,방문,2025-08-19,20,,계약희망,타 단지와 비교 중,
CS01132,C00408,C00408,U0179,U0179,임동현,전화,2024-12-21,,비정상(0이하),거절,현장 방문 예약,
CS01133,C00100,C00100,U0192,U0192,서주원,전화,2026-10-01,90,,보류,잔금 일정 문의,
CS01134,C00080,C00080,U0164,U0164,김서준,방문,2026-09-26,15,,보류,,
CS01135,C00455,C00455,U0101,U0101,서주원,전화,2026-11-07,,비정상(0이하),보류,계약금 조율 필요,
CS01136,C00244,C00244,U0121,U0121,장채원,전화,2024-02-09,,비정상(0이하),계약희망,추가 자료 요청,
CS01137,C00170,C00170,U0036,U0036,홍태윤,방문,2025-10-07,15,,재상담예정,가족과 상의 후 재연락,
CS01138,C00084,C00084,U0201,U0201,홍태윤,온라인,2025-03-11,45,,거절,특약사항 확인 요청,
CS01139,C00061,C00061,U0209,U0209,장채원,전화,2024-08-05,240,이상치(장시간),계약희망,잔금 일정 문의,
CS01140,C00548,C00548,U0021,U0021,김서준,전화,2024-03-21,90,,계약희망,전세 대비 비교 요청,
CS01141,C00585,C00585,,U9987,임동현,방문,2026-04-07,60,,계약희망,타 단지와 비교 중,unit
CS01142,C00057,C00057,,U9951,한지민,전화,2026-04-19,240,이상치(장시간),계약희망,가족과 상의 후 재연락,unit
CS01143,C00288,C00288,U0070,U0070,임동현,전화,2026-07-27,,비정상(0이하),계약희망,잔금 일정 문의,
CS01144,C00070,C00070,U0140,U0140,서주원,전화,2025-02-24,10,,보류,가격 재문의,
CS01145,C00230,C00230,U0140,U0140,장채원,방문,2025-01-10,240,이상치(장시간),계약희망,잔금 일정 문의,
CS01146,C00005,C00005,U0010,U0010,서주원,전화,2026-07-28,90,,계약희망,추가 자료 요청,
CS01147,C00529,C00529,U0155,U0155,한지민,전화,2025-03-04,30,,거절,타 단지와 비교 중,
CS01148,C00432,C00432,U0051,U0051,서주원,방문,2024-12-16,240,이상치(장시간),계약희망,대출 상담 필요,
CS01149,C00581,C00581,U0098,U0098,장은서,방문,2025-08-04,15,,계약희망,전세 대비 비교 요청,
CS01150,C00546,C00546,,U9917,홍태윤,방문,2025-08-22,10,,계약희망,타 단지와 비교 중,unit
CS01151,C00310,C00310,U0162,U0162,장채원,SNS,2024-08-23,15,,재상담예정,층향 재문의,
CS01152,C00335,C00335,U0076,U0076,조도윤,방문,2024-10-03,30,,재상담예정,잔금 일정 문의,
CS01153,C00219,C00219,U0169,U0169,임동현,온라인,2024-10-10,20,,계약희망,대출 상담 필요,
CS01154,C00225,C00225,U0086,U0086,홍태윤,전화,2024-07-20,90,,거절,특약사항 확인 요청,
CS01155,C00516,C00516,U0083,U0083,서주원,전화,2026-08-24,45,,거절,계약금 조율 필요,
CS01156,C00046,C00046,U0120,U0120,조도윤,전화,2026-12-20,45,,계약희망,잔금 일정 문의,
CS01157,C00092,C00092,U0154,U0154,장채원,전화,2024-01-12,15,,거절,,
CS01158,C00442,C00442,U0094,U0094,장은서,방문,2025-03-28,20,,재상담예정,현장 방문 예약,
CS01159,C00567,C00567,U0093,U0093,장은서,전화,2024-05-13,10,,계약희망,잔금 일정 문의,
CS01160,C00480,C00480,,U9948,한지민,전화,2026-11-14,20,,계약희망,계약금 조율 필요,unit
CS01161,C00497,C00497,U0001,U0001,전동현,전화,2025-07-18,240,이상치(장시간),계약희망,계약금 조율 필요,
CS01162,C00500,C00500,U0002,U0002,서주원,전화,2024-04-17,15,,보류,타 단지와 비교 중,
CS01163,C00499,C00499,U0038,U0038,조도윤,전화,2026-03-10,10,,보류,층향 재문의,
CS01164,C00072,C00072,U0156,U0156,서주원,전화,2025-01-01,45,,계약희망,잔금 일정 문의,
CS01165,C00003,C00003,U0030,U0030,안시윤,전화,2024-12-04,30,,거절,가족과 상의 후 재연락,
CS01166,C00400,C00400,U0114,U0114,홍태윤,전화,2024-11-17,240,이상치(장시간),재상담예정,잔금 일정 문의,
CS01167,C00029,C00029,U0171,U0171,장은서,SNS,2025-09-02,240,이상치(장시간),계약희망,대출 상담 필요,
CS01168,C00568,C00568,U0027,U0027,서주원,전화,2026-06-08,45,,보류,층향 재문의,
CS01169,C00303,C00303,U0068,U0068,한지민,온라인,2026-07-26,,비정상(0이하),보류,대출 상담 필요,
CS01170,C00291,C00291,U0157,U0157,장은서,전화,2025-04-25,60,,보류,계약금 조율 필요,
CS01171,C00512,C00512,U0030,U0030,장은서,전화,2024-04-27,240,이상치(장시간),보류,추가 자료 요청,
CS01172,C00486,C00486,U0004,U0004,장은서,전화,2025-09-11,60,,거절,추가 자료 요청,
CS01173,C00174,C00174,U0072,U0072,장채원,전화,2026-01-27,90,,계약희망,추가 자료 요청,
CS01174,C00511,C00511,U0040,U0040,서주원,전화,2026-07-01,90,,재상담예정,계약금 조율 필요,
CS01175,C00076,C00076,U0194,U0194,안시윤,온라인,2025-01-03,90,,계약희망,가족과 상의 후 재연락,
CS01176,C00588,C00588,U0018,U0018,임동현,전화,2026-01-05,60,,보류,계약금 조율 필요,
CS01177,C00134,C00134,U0042,U0042,장은서,방문,2025-05-09,45,,보류,특약사항 확인 요청,
CS01178,C00026,C00026,U0173,U0173,임동현,전화,2026-03-09,20,,계약희망,잔금 일정 문의,
CS01179,C00598,C00598,U0033,U0033,김서준,방문,2026-06-11,30,,거절,특약사항 확인 요청,
CS01180,C00056,C00056,U0150,U0150,장채원,전화,2025-03-27,,비정상(0이하),보류,특약사항 확인 요청,
CS01181,C00003,C00003,U0196,U0196,장채원,전화,2026-03-20,60,,보류,대출 상담 필요,
CS01182,C00083,C00083,U0208,U0208,전동현,온라인,2025-04-02,45,,재상담예정,타 단지와 비교 중,
CS01183,C00160,C00160,U0114,U0114,홍태윤,온라인,2025-05-06,240,이상치(장시간),재상담예정,계약금 조율 필요,
CS01184,C00222,C00222,U0046,U0046,홍태윤,전화,2025-11-08,240,이상치(장시간),보류,계약금 조율 필요,
CS01185,C00237,C00237,U0033,U0033,장채원,온라인,2024-04-04,30,,거절,층향 재문의,
CS01186,,C99154,U0012,U0012,장채원,SNS,2026-10-02,15,,보류,특약사항 확인 요청,customer
CS01187,C00559,C00559,U0155,U0155,전동현,온라인,2026-01-01,10,,거절,현장 방문 예약,
CS01188,C00472,C00472,U0048,U0048,장은서,방문,2025-12-23,45,,거절,특약사항 확인 요청,
CS01189,C00277,C00277,U0187,U0187,한지민,전화,2026-03-08,10,,보류,타 단지와 비교 중,
CS01190,C00276,C00276,U0099,U0099,서주원,전화,2025-08-26,,비정상(0이하),거절,계약금 조율 필요,
CS01191,C00113,C00113,,U9994,임동현,방문,2024-10-10,60,,재상담예정,계약금 조율 필요,unit
CS01192,C00330,C00330,U0183,U0183,김서준,방문,2024-06-06,,비정상(0이하),보류,층향 재문의,
CS01193,C00427,C00427,U0166,U0166,장채원,전화,2026-01-14,15,,계약희망,,
CS01194,C00379,C00379,U0161,U0161,김서준,SNS,2025-01-13,,비정상(0이하),보류,타 단지와 비교 중,
CS01195,C00343,C00343,U0032,U0032,김서준,전화,2026-03-03,20,,거절,현장 방문 예약,
CS01196,C00475,C00475,U0022,U0022,전동현,전화,2024-10-10,30,,보류,계약금 조율 필요,
CS01197,C00314,C00314,U0063,U0063,임동현,방문,2026-10-23,20,,재상담예정,특약사항 확인 요청,
CS01198,C00259,C00259,U0129,U0129,장은서,전화,2025-10-07,20,,계약희망,가족과 상의 후 재연락,
CS01199,C00537,C00537,U0146,U0146,전동현,방문,2025-04-17,20,,계약희망,현장 방문 예약,
CS01200,C00327,C00327,U0110,U0110,안시윤,방문,2024-07-15,30,,재상담예정,타 단지와 비교 중,
CS01201,C00179,C00179,U0089,U0089,김서준,전화,2024-08-27,60,,재상담예정,전세 대비 비교 요청,
CS01202,C00192,C00192,U0067,U0067,홍태윤,온라인,2026-05-19,90,,계약희망,잔금 일정 문의,
CS01203,C00114,C00114,U0006,U0006,김서준,온라인,2026-03-11,10,,재상담예정,특약사항 확인 요청,
CS01204,C00363,C00363,U0086,U0086,홍태윤,방문,2024-11-02,90,,재상담예정,타 단지와 비교 중,
CS01205,C00086,C00086,U0190,U0190,임동현,전화,2024-10-15,240,이상치(장시간),거절,타 단지와 비교 중,
CS01206,C00529,C00529,U0029,U0029,홍태윤,SNS,2026-06-01,20,,재상담예정,계약금 조율 필요,
CS01207,C00129,C00129,U0177,U0177,한지민,전화,2026-11-24,10,,계약희망,계약금 조율 필요,
CS01208,C00183,C00183,U0134,U0134,임동현,SNS,2026-01-15,10,,계약희망,타 단지와 비교 중,
CS01209,C00035,C00035,U0143,U0143,홍태윤,전화,2024-04-07,,비정상(0이하),거절,특약사항 확인 요청,
CS01210,C00274,C00274,U0102,U0102,임동현,전화,2026-08-01,90,,보류,층향 재문의,
CS01211,C00425,C00425,U0029,U0029,조도윤,전화,2024-03-01,10,,거절,타 단지와 비교 중,
CS01212,C00395,C00395,U0198,U0198,김서준,방문,2026-04-07,30,,재상담예정,가격 재문의,
CS01213,C00102,C00102,U0177,U0177,임동현,전화,2025-08-24,15,,거절,전세 대비 비교 요청,
CS01214,C00418,C00418,U0154,U0154,장채원,전화,2026-06-14,45,,보류,잔금 일정 문의,
CS01215,C00286,C00286,U0024,U0024,서주원,방문,2024-06-02,10,,거절,현장 방문 예약,
CS01216,C00318,C00318,U0202,U0202,조도윤,전화,2026-12-23,10,,계약희망,전세 대비 비교 요청,
CS01217,C00295,C00295,U0164,U0164,서주원,전화,2025-01-09,30,,계약희망,특약사항 확인 요청,
CS01218,C00365,C00365,U0214,U0214,한지민,SNS,2026-11-21,15,,재상담예정,특약사항 확인 요청,
CS01219,C00297,C00297,U0051,U0051,조도윤,전화,2026-01-04,90,,재상담예정,대출 상담 필요,
CS01220,C00531,C00531,U0116,U0116,홍태윤,방문,2024-02-20,10,,계약희망,현장 방문 예약,
CS01221,C00485,C00485,U0144,U0144,김서준,방문,2024-08-23,15,,재상담예정,현장 방문 예약,
CS01222,C00383,C00383,U0029,U0029,장은서,전화,2026-08-27,90,,계약희망,가족과 상의 후 재연락,
CS01223,C00343,C00343,U0017,U0017,안시윤,SNS,2024-12-11,10,,거절,특약사항 확인 요청,
CS01224,C00215,C00215,U0090,U0090,안시윤,SNS,2025-12-05,,비정상(0이하),보류,가족과 상의 후 재연락,
CS01225,C00204,C00204,U0198,U0198,김서준,온라인,2024-05-06,90,,재상담예정,특약사항 확인 요청,
CS01226,C00152,C00152,U0175,U0175,장은서,SNS,2025-07-14,,비정상(0이하),계약희망,타 단지와 비교 중,
CS01227,C00167,C00167,U0041,U0041,김서준,SNS,2025-03-16,90,,계약희망,,
CS01228,C00096,C00096,U0182,U0182,안시윤,전화,2025-03-28,,비정상(0이하),보류,가격 재문의,
CS01229,C00431,C00431,U0049,U0049,홍태윤,전화,2024-09-19,,비정상(0이하),보류,층향 재문의,
CS01230,C00206,C00206,U0204,U0204,서주원,전화,2025-12-25,15,,재상담예정,,
CS01231,C00422,C00422,,U9977,홍태윤,방문,2024-01-15,15,,거절,타 단지와 비교 중,unit
CS01232,C00592,C00592,U0075,U0075,장은서,방문,2026-01-12,,비정상(0이하),재상담예정,대출 상담 필요,
CS01233,C00169,C00169,U0122,U0122,안시윤,전화,2025-12-20,90,,재상담예정,현장 방문 예약,
CS01234,C00263,C00263,U0157,U0157,임동현,전화,2025-09-28,30,,계약희망,가격 재문의,
CS01235,C00219,C00219,U0039,U0039,안시윤,SNS,2025-03-22,90,,계약희망,가족과 상의 후 재연락,
CS01236,C00188,C00188,U0023,U0023,장은서,전화,2025-04-20,10,,거절,계약금 조율 필요,
CS01237,C00541,C00541,U0196,U0196,서주원,전화,2025-11-19,15,,계약희망,가격 재문의,
CS01238,C00162,C00162,U0213,U0213,전동현,온라인,2025-01-01,,비정상(0이하),계약희망,전세 대비 비교 요청,
CS01239,C00355,C00355,U0217,U0217,임동현,SNS,2025-10-15,,비정상(0이하),계약희망,층향 재문의,
CS01240,C00477,C00477,U0023,U0023,장은서,방문,2024-05-19,90,,재상담예정,가족과 상의 후 재연락,
CS01241,C00548,C00548,U0163,U0163,홍태윤,전화,2025-11-27,30,,계약희망,계약금 조율 필요,
CS01242,C00021,C00021,U0105,U0105,김서준,전화,2024-09-05,45,,계약희망,타 단지와 비교 중,
CS01243,C00342,C00342,,U9904,전동현,전화,2026-12-22,20,,계약희망,잔금 일정 문의,unit
CS01244,C00381,C00381,U0082,U0082,한지민,SNS,2024-09-25,60,,재상담예정,대출 상담 필요,
CS01245,C00526,C00526,U0052,U0052,임동현,전화,2026-12-24,30,,보류,현장 방문 예약,
CS01246,C00181,C00181,U0214,U0214,전동현,전화,2024-02-02,10,,계약희망,전세 대비 비교 요청,
CS01247,C00091,C00091,U0114,U0114,조도윤,전화,2026-01-26,45,,보류,특약사항 확인 요청,
CS01248,C00503,C00503,U0140,U0140,장채원,SNS,2026-03-20,10,,보류,,
CS01249,C00558,C00558,U0023,U0023,전동현,방문,2025-07-06,,비정상(0이하),재상담예정,층향 재문의,
CS01250,C00282,C00282,U0195,U0195,전동현,전화,2025-12-09,,비정상(0이하),보류,대출 상담 필요,
CS01251,C00300,C00300,U0090,U0090,전동현,전화,2024-11-25,30,,보류,전세 대비 비교 요청,
CS01252,C00014,C00014,U0075,U0075,한지민,온라인,2024-09-19,15,,계약희망,가족과 상의 후 재연락,
CS01253,C00402,C00402,U0188,U0188,김서준,방문,2026-01-25,15,,계약희망,층향 재문의,
CS01254,C00216,C00216,U0033,U0033,김서준,전화,2026-04-14,30,,재상담예정,,
CS01255,C00005,C00005,U0103,U0103,김서준,방문,2024-03-14,90,,계약희망,가격 재문의,
CS01256,C00399,C00399,U0050,U0050,홍태윤,온라인,2025-02-13,60,,계약희망,,
CS01257,C00576,C00576,U0001,U0001,장채원,방문,2026-10-08,60,,계약희망,계약금 조율 필요,
CS01258,C00238,C00238,U0112,U0112,전동현,SNS,2026-08-13,45,,거절,추가 자료 요청,
CS01259,,C99030,U0019,U0019,서주원,전화,2025-02-25,,비정상(0이하),계약희망,전세 대비 비교 요청,customer
CS01260,C00147,C00147,U0211,U0211,조도윤,방문,2025-07-12,15,,거절,층향 재문의,
CS01261,C00330,C00330,U0167,U0167,홍태윤,전화,2024-01-23,240,이상치(장시간),보류,층향 재문의,
CS01262,C00079,C00079,U0126,U0126,전동현,온라인,2025-01-21,30,,계약희망,대출 상담 필요,
CS01263,C00505,C00505,U0039,U0039,김서준,전화,2024-02-21,,비정상(0이하),보류,전세 대비 비교 요청,
CS01264,C00050,C00050,U0165,U0165,임동현,전화,2024-03-06,30,,계약희망,,
CS01265,,C99172,,U9963,한지민,온라인,2026-04-01,20,,재상담예정,타 단지와 비교 중,"customer,unit"
CS01266,C00013,C00013,U0147,U0147,전동현,전화,2024-08-26,45,,계약희망,,
CS01267,C00240,C00240,U0170,U0170,한지민,전화,2025-07-22,,비정상(0이하),계약희망,계약금 조율 필요,
CS01268,C00355,C00355,U0078,U0078,서주원,전화,2025-04-09,60,,재상담예정,층향 재문의,
CS01269,C00380,C00380,U0108,U0108,조도윤,SNS,2026-04-22,45,,계약희망,추가 자료 요청,
CS01270,C00499,C00499,U0091,U0091,장은서,SNS,2025-11-06,90,,재상담예정,잔금 일정 문의,
CS01271,C00597,C00597,,U9984,장은서,전화,2025-08-12,,비정상(0이하),계약희망,잔금 일정 문의,unit
CS01272,C00541,C00541,U0167,U0167,한지민,SNS,2026-09-07,45,,재상담예정,전세 대비 비교 요청,
CS01273,C00516,C00516,U0009,U0009,안시윤,전화,2026-05-11,10,,계약희망,잔금 일정 문의,
CS01274,C00526,C00526,U0188,U0188,홍태윤,SNS,2024-08-07,45,,재상담예정,계약금 조율 필요,
CS01275,C00484,C00484,U0126,U0126,전동현,SNS,2026-06-09,60,,계약희망,대출 상담 필요,
CS01276,C00066,C00066,U0144,U0144,전동현,전화,2024-06-02,20,,계약희망,,
CS01277,C00175,C00175,U0025,U0025,장은서,전화,2025-04-03,20,,보류,가족과 상의 후 재연락,
CS01278,C00233,C00233,U0214,U0214,서주원,온라인,2024-02-26,15,,계약희망,가격 재문의,
CS01279,C00480,C00480,U0043,U0043,홍태윤,전화,2024-08-27,45,,재상담예정,타 단지와 비교 중,
CS01280,C00145,C00145,U0014,U0014,조도윤,전화,2025-04-17,30,,거절,대출 상담 필요,
CS01281,C00013,C00013,U0111,U0111,임동현,전화,2026-11-03,240,이상치(장시간),거절,특약사항 확인 요청,
CS01282,C00141,C00141,U0176,U0176,홍태윤,방문,2025-12-02,90,,재상담예정,계약금 조율 필요,
CS01283,C00354,C00354,U0065,U0065,장은서,전화,2024-02-22,60,,보류,현장 방문 예약,
CS01284,C00164,C00164,U0045,U0045,서주원,방문,2024-09-09,,비정상(0이하),계약희망,전세 대비 비교 요청,
CS01285,C00286,C00286,U0109,U0109,임동현,전화,2024-10-27,90,,보류,전세 대비 비교 요청,
CS01286,C00181,C00181,U0019,U0019,전동현,전화,2025-01-10,60,,계약희망,층향 재문의,
CS01287,C00495,C00495,U0033,U0033,임동현,방문,2026-12-14,,비정상(0이하),보류,잔금 일정 문의,
CS01288,C00499,C00499,U0136,U0136,안시윤,방문,2026-01-10,,비정상(0이하),보류,가격 재문의,
CS01289,C00346,C00346,U0209,U0209,조도윤,온라인,2025-06-02,20,,보류,대출 상담 필요,
CS01290,C00009,C00009,U0121,U0121,홍태윤,방문,2025-08-13,,비정상(0이하),거절,전세 대비 비교 요청,
CS01291,C00568,C00568,U0161,U0161,한지민,SNS,2024-09-28,30,,계약희망,특약사항 확인 요청,
CS01292,C00513,C00513,U0022,U0022,장채원,방문,2026-11-28,20,,계약희망,특약사항 확인 요청,
CS01293,C00190,C00190,U0175,U0175,김서준,전화,2026-08-20,20,,재상담예정,가족과 상의 후 재연락,
CS01294,C00005,C00005,U0216,U0216,조도윤,방문,2026-10-03,10,,보류,타 단지와 비교 중,
CS01295,C00287,C00287,U0064,U0064,장은서,전화,2024-06-15,30,,계약희망,가격 재문의,
CS01296,C00436,C00436,U0132,U0132,안시윤,방문,2025-01-15,45,,보류,가격 재문의,
CS01297,C00433,C00433,,U9922,조도윤,SNS,2024-03-25,90,,계약희망,전세 대비 비교 요청,unit
CS01298,C00079,C00079,U0191,U0191,장채원,전화,2026-06-02,20,,재상담예정,현장 방문 예약,
CS01299,C00359,C00359,U0200,U0200,한지민,전화,2024-10-25,30,,재상담예정,,
CS01300,C00109,C00109,U0018,U0018,조도윤,방문,2026-03-08,90,,계약희망,,
CS01301,C00578,C00578,U0019,U0019,한지민,전화,2025-02-08,30,,거절,타 단지와 비교 중,
CS01302,,C99240,U0138,U0138,홍태윤,전화,2024-06-26,30,,보류,,customer
CS01303,C00319,C00319,U0173,U0173,임동현,전화,2024-12-25,90,,보류,층향 재문의,
CS01304,C00149,C00149,U0175,U0175,장채원,전화,2026-08-08,90,,계약희망,전세 대비 비교 요청,
CS01305,C00464,C00464,U0110,U0110,홍태윤,방문,2024-01-01,60,,계약희망,가격 재문의,
CS01306,C00402,C00402,U0117,U0117,전동현,전화,2024-05-18,60,,재상담예정,가격 재문의,
CS01307,C00467,C00467,U0196,U0196,한지민,전화,2026-02-20,45,,거절,현장 방문 예약,
CS01308,C00485,C00485,U0158,U0158,장채원,온라인,2025-07-27,15,,재상담예정,대출 상담 필요,
CS01309,C00473,C00473,U0188,U0188,조도윤,전화,2024-12-25,,비정상(0이하),재상담예정,가족과 상의 후 재연락,
CS01310,C00466,C00466,U0028,U0028,조도윤,SNS,2025-07-25,,비정상(0이하),거절,특약사항 확인 요청,
CS01311,C00109,C00109,U0026,U0026,전동현,온라인,2026-08-24,45,,보류,,
CS01312,C00162,C00162,U0018,U0018,김서준,SNS,2025-07-06,,비정상(0이하),계약희망,잔금 일정 문의,
CS01313,C00232,C00232,U0118,U0118,서주원,전화,2024-11-10,20,,보류,대출 상담 필요,
CS01314,C00434,C00434,U0137,U0137,전동현,전화,2024-07-09,,비정상(0이하),재상담예정,층향 재문의,
CS01315,C00149,C00149,U0131,U0131,조도윤,SNS,2024-04-13,,비정상(0이하),계약희망,가족과 상의 후 재연락,
CS01316,C00531,C00531,U0165,U0165,안시윤,온라인,2026-04-23,15,,보류,추가 자료 요청,
CS01317,C00281,C00281,U0165,U0165,임동현,전화,2024-07-11,240,이상치(장시간),계약희망,현장 방문 예약,
CS01318,C00346,C00346,U0021,U0021,한지민,방문,2024-03-17,20,,계약희망,대출 상담 필요,
CS01319,C00380,C00380,U0179,U0179,안시윤,방문,2025-11-02,,비정상(0이하),계약희망,,
CS01320,C00533,C00533,U0123,U0123,장채원,전화,2026-10-15,240,이상치(장시간),보류,대출 상담 필요,
CS01321,C00283,C00283,U0072,U0072,조도윤,방문,2025-06-14,60,,계약희망,,
CS01322,C00505,C00505,U0003,U0003,김서준,SNS,2025-04-21,60,,보류,대출 상담 필요,
CS01323,C00596,C00596,U0094,U0094,서주원,전화,2025-03-24,90,,계약희망,현장 방문 예약,
CS01324,C00340,C00340,U0144,U0144,조도윤,전화,2024-10-27,30,,보류,추가 자료 요청,
CS01325,C00359,C00359,U0054,U0054,장은서,전화,2024-08-03,90,,보류,대출 상담 필요,
CS01326,C00410,C00410,U0177,U0177,장채원,전화,2024-04-03,,비정상(0이하),계약희망,가격 재문의,
CS01327,C00248,C00248,U0214,U0214,안시윤,전화,2025-11-06,240,이상치(장시간),거절,층향 재문의,
CS01328,C00513,C00513,U0108,U0108,조도윤,방문,2024-11-20,240,이상치(장시간),보류,전세 대비 비교 요청,
CS01329,C00205,C00205,U0083,U0083,서주원,온라인,2025-02-15,45,,계약희망,,
CS01330,C00433,C00433,U0108,U0108,김서준,전화,2024-12-06,30,,재상담예정,가족과 상의 후 재연락,
CS01331,C00448,C00448,U0092,U0092,한지민,전화,2024-12-25,,비정상(0이하),재상담예정,가족과 상의 후 재연락,
CS01332,C00165,C00165,U0003,U0003,안시윤,전화,2025-10-13,,비정상(0이하),재상담예정,추가 자료 요청,
CS01333,C00464,C00464,U0202,U0202,전동현,온라인,2025-03-21,45,,재상담예정,계약금 조율 필요,
CS01334,C00147,C00147,U0195,U0195,서주원,SNS,2025-07-17,15,,재상담예정,가족과 상의 후 재연락,
CS01335,C00316,C00316,U0123,U0123,한지민,전화,2024-08-22,30,,보류,잔금 일정 문의,
CS01336,C00578,C00578,U0166,U0166,조도윤,SNS,2025-02-23,240,이상치(장시간),계약희망,현장 방문 예약,
CS01337,C00246,C00246,U0061,U0061,서주원,전화,2025-01-04,,비정상(0이하),보류,잔금 일정 문의,
CS01338,C00534,C00534,U0070,U0070,임동현,전화,2026-01-06,45,,거절,계약금 조율 필요,
CS01339,C00119,C00119,U0024,U0024,안시윤,전화,2026-09-14,15,,계약희망,전세 대비 비교 요청,
CS01340,C00494,C00494,U0080,U0080,서주원,SNS,2024-10-18,240,이상치(장시간),거절,잔금 일정 문의,
CS01341,C00077,C00077,U0084,U0084,조도윤,온라인,2026-11-20,10,,계약희망,,
CS01342,,C99204,U0082,U0082,장채원,온라인,2026-05-06,240,이상치(장시간),보류,계약금 조율 필요,customer
CS01343,C00279,C00279,U0111,U0111,장채원,전화,2025-10-06,20,,재상담예정,대출 상담 필요,
CS01344,C00011,C00011,U0214,U0214,장채원,SNS,2026-04-20,10,,거절,타 단지와 비교 중,
CS01345,C00350,C00350,U0220,U0220,조도윤,SNS,2024-07-14,20,,보류,가족과 상의 후 재연락,
CS01346,C00016,C00016,U0138,U0138,안시윤,방문,2024-05-07,,비정상(0이하),계약희망,현장 방문 예약,
CS01347,C00088,C00088,U0066,U0066,한지민,온라인,2026-07-25,60,,계약희망,타 단지와 비교 중,
CS01348,C00363,C00363,U0035,U0035,임동현,전화,2025-01-15,45,,계약희망,전세 대비 비교 요청,
CS01349,C00063,C00063,U0195,U0195,안시윤,전화,2026-09-26,240,이상치(장시간),재상담예정,,
CS01350,C00210,C00210,U0110,U0110,임동현,전화,2026-07-10,60,,재상담예정,현장 방문 예약,
CS01351,C00349,C00349,U0118,U0118,전동현,전화,2026-09-07,10,,계약희망,층향 재문의,
CS01352,C00213,C00213,U0071,U0071,김서준,전화,2026-12-20,90,,계약희망,층향 재문의,
CS01353,C00251,C00251,,U9989,김서준,전화,2024-08-23,10,,계약희망,계약금 조율 필요,unit
CS01354,C00273,C00273,U0195,U0195,서주원,전화,2026-05-26,,비정상(0이하),거절,현장 방문 예약,
CS01355,C00285,C00285,U0001,U0001,김서준,전화,2024-09-24,,비정상(0이하),재상담예정,계약금 조율 필요,
CS01356,C00501,C00501,U0186,U0186,안시윤,전화,2024-05-23,30,,거절,가격 재문의,
CS01357,C00151,C00151,U0005,U0005,임동현,방문,2025-07-28,240,이상치(장시간),계약희망,타 단지와 비교 중,
CS01358,C00085,C00085,U0204,U0204,장채원,온라인,2024-08-27,,비정상(0이하),재상담예정,대출 상담 필요,
CS01359,C00016,C00016,U0217,U0217,조도윤,전화,2024-11-28,30,,재상담예정,현장 방문 예약,
CS01360,C00445,C00445,U0213,U0213,조도윤,전화,2024-11-14,30,,재상담예정,층향 재문의,
CS01361,C00165,C00165,U0051,U0051,전동현,방문,2025-04-01,15,,보류,계약금 조율 필요,
CS01362,C00461,C00461,U0154,U0154,한지민,전화,2026-11-07,10,,재상담예정,계약금 조율 필요,
CS01363,C00057,C00057,U0195,U0195,홍태윤,전화,2024-07-11,90,,재상담예정,가족과 상의 후 재연락,
CS01364,C00289,C00289,U0073,U0073,장채원,전화,2026-05-13,,비정상(0이하),보류,가족과 상의 후 재연락,
CS01365,C00272,C00272,U0173,U0173,김서준,방문,2024-04-12,,비정상(0이하),계약희망,계약금 조율 필요,
CS01366,C00475,C00475,U0115,U0115,홍태윤,전화,2025-08-15,90,,재상담예정,가족과 상의 후 재연락,
CS01367,C00459,C00459,U0081,U0081,장은서,방문,2026-10-18,240,이상치(장시간),재상담예정,특약사항 확인 요청,
CS01368,C00582,C00582,U0074,U0074,홍태윤,전화,2025-09-23,60,,재상담예정,추가 자료 요청,
CS01369,C00591,C00591,U0212,U0212,김서준,방문,2024-08-13,,비정상(0이하),거절,타 단지와 비교 중,
CS01370,C00050,C00050,U0123,U0123,장은서,전화,2025-02-10,240,이상치(장시간),계약희망,특약사항 확인 요청,
CS01371,C00566,C00566,U0167,U0167,전동현,전화,2024-10-19,10,,거절,추가 자료 요청,
CS01372,C00054,C00054,U0096,U0096,한지민,전화,2026-09-05,30,,계약희망,특약사항 확인 요청,
CS01373,C00027,C00027,U0088,U0088,김서준,전화,2024-11-05,90,,계약희망,가격 재문의,
CS01374,C00229,C00229,U0219,U0219,임동현,전화,2026-02-03,10,,거절,현장 방문 예약,
CS01375,C00068,C00068,U0177,U0177,안시윤,방문,2026-10-19,90,,거절,층향 재문의,
CS01376,C00032,C00032,U0115,U0115,한지민,전화,2025-07-14,15,,재상담예정,대출 상담 필요,
CS01377,C00291,C00291,U0166,U0166,장은서,전화,2025-11-01,45,,재상담예정,층향 재문의,
CS01378,C00121,C00121,U0005,U0005,안시윤,전화,2026-03-12,90,,계약희망,대출 상담 필요,
CS01379,C00348,C00348,U0180,U0180,장채원,온라인,2024-01-24,20,,거절,가격 재문의,
CS01380,C00382,C00382,U0124,U0124,홍태윤,방문,2026-09-14,20,,거절,대출 상담 필요,
CS01381,C00081,C00081,U0137,U0137,장은서,SNS,2024-05-16,45,,계약희망,잔금 일정 문의,
CS01382,C00124,C00124,U0129,U0129,홍태윤,전화,2025-08-10,45,,거절,잔금 일정 문의,
CS01383,,C99918,U0192,U0192,장은서,SNS,2024-12-08,,비정상(0이하),계약희망,층향 재문의,customer
CS01384,C00145,C00145,U0128,U0128,안시윤,방문,2024-04-03,30,,보류,가격 재문의,
CS01385,C00081,C00081,U0096,U0096,안시윤,SNS,2025-06-18,15,,계약희망,층향 재문의,
CS01386,C00275,C00275,U0178,U0178,장채원,전화,2026-10-11,60,,계약희망,잔금 일정 문의,
CS01387,C00365,C00365,U0142,U0142,서주원,전화,2025-06-26,,비정상(0이하),계약희망,타 단지와 비교 중,
CS01388,C00032,C00032,U0219,U0219,서주원,전화,2024-05-18,240,이상치(장시간),보류,층향 재문의,
CS01389,C00046,C00046,U0099,U0099,한지민,온라인,2024-12-20,20,,거절,전세 대비 비교 요청,
CS01390,C00451,C00451,U0062,U0062,홍태윤,방문,2024-10-24,15,,보류,계약금 조율 필요,
CS01391,C00072,C00072,U0023,U0023,서주원,전화,2025-02-07,30,,거절,특약사항 확인 요청,
CS01392,C00516,C00516,U0017,U0017,한지민,전화,2024-04-02,45,,계약희망,대출 상담 필요,
CS01393,C00039,C00039,U0158,U0158,조도윤,전화,2026-07-12,240,이상치(장시간),거절,특약사항 확인 요청,
CS01394,C00178,C00178,U0215,U0215,안시윤,전화,2024-12-26,45,,보류,전세 대비 비교 요청,
CS01395,C00306,C00306,U0105,U0105,전동현,전화,2026-05-11,20,,계약희망,전세 대비 비교 요청,
CS01396,,C99995,U0027,U0027,장채원,방문,2026-07-21,90,,계약희망,,customer
CS01397,C00578,C00578,U0065,U0065,홍태윤,전화,2026-02-13,,비정상(0이하),보류,타 단지와 비교 중,
CS01398,C00256,C00256,U0128,U0128,장채원,전화,2026-07-06,90,,계약희망,층향 재문의,
CS01399,C00592,C00592,U0128,U0128,전동현,전화,2026-02-24,10,,보류,,
CS01400,C00297,C00297,U0195,U0195,홍태윤,온라인,2026-08-02,30,,재상담예정,잔금 일정 문의,
CS01401,C00152,C00152,U0127,U0127,서주원,온라인,2025-04-18,,비정상(0이하),계약희망,잔금 일정 문의,
CS01402,C00252,C00252,U0184,U0184,홍태윤,전화,2025-11-17,10,,계약희망,잔금 일정 문의,
CS01403,,C99810,U0213,U0213,한지민,방문,2024-07-26,60,,재상담예정,추가 자료 요청,customer
CS01404,C00441,C00441,U0011,U0011,조도윤,전화,2024-05-28,15,,거절,가족과 상의 후 재연락,
CS01405,C00295,C00295,U0100,U0100,임동현,방문,2025-07-26,20,,계약희망,계약금 조율 필요,
CS01406,C00041,C00041,U0179,U0179,서주원,SNS,2026-10-27,30,,계약희망,현장 방문 예약,
CS01407,C00239,C00239,U0036,U0036,조도윤,전화,2024-02-04,30,,재상담예정,전세 대비 비교 요청,
CS01408,C00240,C00240,U0115,U0115,임동현,전화,2024-10-20,10,,거절,층향 재문의,
CS01409,C00266,C00266,U0196,U0196,한지민,전화,2024-09-06,240,이상치(장시간),계약희망,잔금 일정 문의,
CS01410,C00591,C00591,U0188,U0188,홍태윤,SNS,2025-04-10,,비정상(0이하),계약희망,추가 자료 요청,
CS01411,C00435,C00435,U0164,U0164,홍태윤,전화,2026-06-24,30,,계약희망,잔금 일정 문의,
CS01412,C00291,C00291,U0104,U0104,안시윤,전화,2026-12-25,90,,보류,전세 대비 비교 요청,
CS01413,C00206,C00206,U0170,U0170,조도윤,온라인,2026-11-06,20,,계약희망,대출 상담 필요,
CS01414,C00421,C00421,U0063,U0063,안시윤,전화,2024-07-17,,비정상(0이하),거절,,
CS01415,C00027,C00027,U0105,U0105,한지민,전화,2026-01-20,90,,보류,계약금 조율 필요,
CS01416,C00522,C00522,U0148,U0148,서주원,SNS,2026-08-11,20,,보류,대출 상담 필요,
CS01417,C00465,C00465,U0089,U0089,조도윤,방문,2026-06-20,20,,재상담예정,잔금 일정 문의,
CS01418,C00298,C00298,U0017,U0017,김서준,방문,2025-09-13,20,,계약희망,추가 자료 요청,
CS01419,C00029,C00029,U0159,U0159,장채원,전화,2025-06-08,45,,거절,대출 상담 필요,
CS01420,C00141,C00141,U0112,U0112,조도윤,전화,2024-10-13,,비정상(0이하),계약희망,가격 재문의,
CS01421,C00080,C00080,U0090,U0090,김서준,SNS,2024-01-27,15,,계약희망,추가 자료 요청,
CS01422,C00108,C00108,U0167,U0167,조도윤,전화,2024-05-05,20,,보류,잔금 일정 문의,
CS01423,C00277,C00277,U0098,U0098,한지민,전화,2024-10-21,,비정상(0이하),계약희망,대출 상담 필요,
CS01424,C00092,C00092,,U9926,서주원,전화,2024-05-18,10,,재상담예정,추가 자료 요청,unit
CS01425,C00457,C00457,U0135,U0135,안시윤,전화,2026-08-04,60,,계약희망,특약사항 확인 요청,
CS01426,C00323,C00323,U0101,U0101,김서준,온라인,2025-08-28,45,,계약희망,,
CS01427,C00491,C00491,U0102,U0102,서주원,온라인,2025-10-19,15,,거절,현장 방문 예약,
CS01428,C00481,C00481,U0175,U0175,홍태윤,방문,2026-06-24,10,,거절,특약사항 확인 요청,
CS01429,C00471,C00471,U0006,U0006,조도윤,온라인,2025-06-28,60,,재상담예정,타 단지와 비교 중,
CS01430,C00207,C00207,U0156,U0156,한지민,전화,2025-11-17,45,,계약희망,가격 재문의,
CS01431,C00468,C00468,U0022,U0022,장채원,방문,2026-12-19,15,,거절,특약사항 확인 요청,
CS01432,C00162,C00162,U0174,U0174,장채원,온라인,2025-02-26,45,,계약희망,현장 방문 예약,
CS01433,C00348,C00348,U0046,U0046,장채원,방문,2026-04-17,60,,재상담예정,현장 방문 예약,
CS01434,C00057,C00057,U0082,U0082,안시윤,전화,2024-08-01,60,,거절,,
CS01435,C00556,C00556,U0079,U0079,서주원,전화,2025-09-16,,비정상(0이하),계약희망,타 단지와 비교 중,
CS01436,C00081,C00081,U0213,U0213,임동현,전화,2026-01-16,90,,거절,가족과 상의 후 재연락,
CS01437,C00474,C00474,U0120,U0120,서주원,전화,2024-11-02,15,,재상담예정,계약금 조율 필요,
CS01438,C00499,C00499,U0158,U0158,조도윤,방문,2024-11-03,45,,거절,계약금 조율 필요,
CS01439,C00455,C00455,U0066,U0066,한지민,방문,2025-05-21,,비정상(0이하),거절,,
CS01440,C00504,C00504,U0159,U0159,조도윤,전화,2024-04-28,20,,거절,층향 재문의,
CS01441,C00290,C00290,U0173,U0173,한지민,방문,2025-08-24,240,이상치(장시간),계약희망,대출 상담 필요,
CS01442,C00435,C00435,U0040,U0040,임동현,전화,2026-05-21,15,,거절,계약금 조율 필요,
CS01443,C00098,C00098,U0120,U0120,한지민,방문,2025-10-15,15,,재상담예정,추가 자료 요청,
CS01444,C00246,C00246,U0032,U0032,전동현,SNS,2026-06-19,60,,거절,특약사항 확인 요청,
CS01445,C00486,C00486,,U9977,장은서,전화,2025-02-01,15,,계약희망,,unit
CS01446,C00496,C00496,U0113,U0113,장채원,전화,2025-08-19,45,,재상담예정,추가 자료 요청,
CS01447,C00086,C00086,U0136,U0136,서주원,전화,2026-02-13,20,,보류,,
CS01448,C00461,C00461,U0150,U0150,임동현,전화,2025-11-08,60,,보류,특약사항 확인 요청,
CS01449,C00074,C00074,U0153,U0153,홍태윤,SNS,2025-01-15,20,,계약희망,가족과 상의 후 재연락,
CS01450,C00047,C00047,U0210,U0210,한지민,SNS,2024-10-01,15,,거절,타 단지와 비교 중,
CS01451,C00398,C00398,U0158,U0158,장은서,전화,2025-11-08,60,,계약희망,추가 자료 요청,
CS01452,C00144,C00144,U0006,U0006,장은서,SNS,2026-01-22,10,,재상담예정,특약사항 확인 요청,
CS01453,C00155,C00155,U0100,U0100,홍태윤,전화,2026-03-28,60,,재상담예정,전세 대비 비교 요청,
CS01454,C00085,C00085,U0205,U0205,장채원,방문,2026-09-13,90,,보류,가족과 상의 후 재연락,
CS01455,C00206,C00206,U0161,U0161,서주원,방문,2025-03-26,90,,계약희망,전세 대비 비교 요청,
CS01456,C00121,C00121,U0208,U0208,장은서,전화,2025-07-25,60,,거절,현장 방문 예약,
CS01457,C00076,C00076,U0047,U0047,서주원,방문,2025-05-10,15,,계약희망,,
CS01458,C00093,C00093,U0098,U0098,홍태윤,전화,2024-09-01,60,,계약희망,대출 상담 필요,
CS01459,C00415,C00415,U0215,U0215,조도윤,전화,2025-09-10,15,,계약희망,잔금 일정 문의,
CS01460,C00279,C00279,,U9909,임동현,SNS,2025-11-17,30,,계약희망,대출 상담 필요,unit
CS01461,C00232,C00232,U0044,U0044,조도윤,방문,2025-01-07,10,,재상담예정,잔금 일정 문의,
CS01462,C00401,C00401,U0012,U0012,김서준,방문,2024-07-22,,비정상(0이하),보류,계약금 조율 필요,
CS01463,C00381,C00381,U0155,U0155,서주원,전화,2025-07-21,,비정상(0이하),재상담예정,타 단지와 비교 중,
CS01464,C00122,C00122,U0135,U0135,서주원,전화,2025-09-02,45,,보류,가격 재문의,
CS01465,C00288,C00288,U0172,U0172,한지민,전화,2025-11-11,90,,계약희망,전세 대비 비교 요청,
CS01466,C00582,C00582,U0010,U0010,김서준,전화,2026-04-20,10,,계약희망,가격 재문의,
CS01467,C00149,C00149,U0193,U0193,안시윤,방문,2024-04-10,20,,계약희망,계약금 조율 필요,
CS01468,C00378,C00378,U0018,U0018,임동현,전화,2025-09-19,15,,보류,전세 대비 비교 요청,
CS01469,C00423,C00423,U0003,U0003,서주원,SNS,2024-02-11,30,,재상담예정,추가 자료 요청,
CS01470,C00312,C00312,U0088,U0088,서주원,전화,2025-01-05,20,,계약희망,층향 재문의,
CS01471,C00291,C00291,U0203,U0203,임동현,SNS,2024-03-28,240,이상치(장시간),거절,층향 재문의,
CS01472,C00047,C00047,U0212,U0212,전동현,전화,2026-10-21,15,,보류,특약사항 확인 요청,
CS01473,C00267,C00267,U0087,U0087,서주원,전화,2025-10-07,60,,계약희망,잔금 일정 문의,
CS01474,C00359,C00359,U0196,U0196,장채원,전화,2026-04-07,15,,계약희망,추가 자료 요청,
CS01475,C00407,C00407,U0004,U0004,장은서,방문,2025-10-15,15,,계약희망,가족과 상의 후 재연락,
CS01476,C00198,C00198,U0129,U0129,홍태윤,전화,2024-10-10,15,,재상담예정,가격 재문의,
CS01477,C00321,C00321,U0101,U0101,장채원,전화,2024-11-21,,비정상(0이하),재상담예정,층향 재문의,
CS01478,C00013,C00013,U0143,U0143,전동현,전화,2025-08-15,90,,보류,잔금 일정 문의,
CS01479,C00161,C00161,U0168,U0168,서주원,방문,2026-12-15,30,,계약희망,가족과 상의 후 재연락,
CS01480,C00288,C00288,U0149,U0149,안시윤,방문,2026-12-24,,비정상(0이하),거절,특약사항 확인 요청,
CS01481,C00022,C00022,U0078,U0078,장은서,SNS,2026-01-19,45,,계약희망,대출 상담 필요,
CS01482,C00145,C00145,U0220,U0220,장은서,전화,2025-03-16,10,,거절,계약금 조율 필요,
CS01483,C00082,C00082,U0027,U0027,한지민,방문,2025-10-16,90,,거절,현장 방문 예약,
CS01484,C00403,C00403,U0132,U0132,장채원,SNS,2025-03-06,90,,거절,잔금 일정 문의,
CS01485,C00097,C00097,,U9964,안시윤,전화,2025-11-13,,비정상(0이하),재상담예정,추가 자료 요청,unit
CS01486,C00463,C00463,U0047,U0047,서주원,SNS,2026-12-28,90,,재상담예정,층향 재문의,
CS01487,C00331,C00331,U0197,U0197,안시윤,방문,2025-08-15,240,이상치(장시간),보류,전세 대비 비교 요청,
CS01488,C00149,C00149,U0105,U0105,홍태윤,방문,2024-08-15,240,이상치(장시간),계약희망,계약금 조율 필요,
CS01489,C00341,C00341,U0032,U0032,전동현,전화,2026-07-06,20,,보류,잔금 일정 문의,
CS01490,C00452,C00452,U0050,U0050,임동현,SNS,2024-01-26,20,,재상담예정,가격 재문의,
CS01491,C00526,C00526,U0008,U0008,전동현,전화,2025-10-09,30,,보류,가족과 상의 후 재연락,
CS01492,C00403,C00403,U0101,U0101,홍태윤,전화,2024-10-10,15,,계약희망,가격 재문의,
CS01493,C00279,C00279,U0068,U0068,장은서,전화,2026-06-10,,비정상(0이하),계약희망,,
CS01494,C00375,C00375,U0066,U0066,전동현,전화,2025-05-05,,비정상(0이하),재상담예정,잔금 일정 문의,
CS01495,C00578,C00578,,U9971,조도윤,전화,2025-09-17,,비정상(0이하),계약희망,가족과 상의 후 재연락,unit
CS01496,C00463,C00463,U0044,U0044,장채원,전화,2024-08-02,15,,재상담예정,가족과 상의 후 재연락,
CS01497,C00084,C00084,U0170,U0170,홍태윤,방문,2025-10-17,,비정상(0이하),계약희망,잔금 일정 문의,
CS01498,C00517,C00517,U0146,U0146,장은서,전화,2025-03-19,15,,계약희망,현장 방문 예약,
CS01499,C00210,C00210,U0195,U0195,전동현,전화,2026-09-01,,비정상(0이하),계약희망,타 단지와 비교 중,
CS01500,C00421,C00421,U0087,U0087,전동현,방문,2024-01-05,20,,재상담예정,특약사항 확인 요청,
CS01501,C00453,C00453,U0070,U0070,홍태윤,방문,2025-09-16,240,이상치(장시간),재상담예정,현장 방문 예약,
CS01502,C00406,C00406,U0082,U0082,김서준,방문,2024-02-12,20,,보류,가격 재문의,
CS01503,C00208,C00208,U0102,U0102,임동현,SNS,2026-06-10,,비정상(0이하),계약희망,계약금 조율 필요,
CS01504,C00301,C00301,U0177,U0177,김서준,전화,2025-09-23,10,,거절,특약사항 확인 요청,
CS01505,C00405,C00405,U0040,U0040,조도윤,전화,2025-08-03,45,,계약희망,전세 대비 비교 요청,
CS01506,,C99373,U0012,U0012,장은서,온라인,2026-07-16,240,이상치(장시간),거절,대출 상담 필요,customer
CS01507,C00448,C00448,U0031,U0031,홍태윤,SNS,2024-09-24,60,,계약희망,계약금 조율 필요,
CS01508,C00580,C00580,U0148,U0148,조도윤,온라인,2024-08-19,60,,계약희망,특약사항 확인 요청,
CS01509,C00373,C00373,U0162,U0162,임동현,방문,2025-02-03,90,,보류,가격 재문의,
CS01510,C00260,C00260,U0118,U0118,조도윤,방문,2024-05-06,45,,계약희망,현장 방문 예약,
CS01511,C00002,C00002,U0089,U0089,홍태윤,전화,2026-09-08,15,,재상담예정,추가 자료 요청,
CS01512,C00518,C00518,U0166,U0166,한지민,SNS,2025-08-06,45,,보류,,
CS01513,C00093,C00093,U0160,U0160,김서준,전화,2026-08-06,240,이상치(장시간),거절,현장 방문 예약,
CS01514,C00280,C00280,U0133,U0133,장채원,전화,2026-01-27,20,,보류,잔금 일정 문의,
CS01515,C00310,C00310,U0165,U0165,전동현,전화,2025-08-19,90,,계약희망,잔금 일정 문의,
CS01516,C00026,C00026,U0108,U0108,홍태윤,전화,2025-04-16,90,,재상담예정,현장 방문 예약,
CS01517,C00312,C00312,U0067,U0067,임동현,전화,2024-04-14,240,이상치(장시간),계약희망,추가 자료 요청,
CS01518,C00144,C00144,U0162,U0162,장은서,SNS,2024-11-11,20,,계약희망,계약금 조율 필요,
CS01519,C00299,C00299,U0102,U0102,김서준,전화,2024-05-16,60,,계약희망,층향 재문의,
CS01520,C00360,C00360,U0157,U0157,한지민,방문,2024-06-20,,비정상(0이하),보류,타 단지와 비교 중,
CS01521,C00494,C00494,U0063,U0063,김서준,방문,2026-06-20,90,,계약희망,특약사항 확인 요청,
CS01522,C00012,C00012,U0006,U0006,한지민,방문,2024-07-25,20,,보류,현장 방문 예약,
CS01523,,C99736,U0052,U0052,전동현,전화,2026-01-19,10,,재상담예정,현장 방문 예약,customer
CS01524,C00510,C00510,U0166,U0166,임동현,전화,2024-08-17,,비정상(0이하),계약희망,추가 자료 요청,
CS01525,C00367,C00367,U0064,U0064,전동현,전화,2026-08-20,20,,거절,잔금 일정 문의,
CS01526,C00364,C00364,U0051,U0051,장채원,전화,2024-11-19,90,,보류,추가 자료 요청,
CS01527,C00463,C00463,U0203,U0203,조도윤,SNS,2025-03-17,,비정상(0이하),보류,가족과 상의 후 재연락,
CS01528,C00586,C00586,U0057,U0057,임동현,SNS,2025-04-09,60,,재상담예정,잔금 일정 문의,
CS01529,C00507,C00507,U0040,U0040,조도윤,전화,2025-05-01,240,이상치(장시간),보류,가격 재문의,
CS01530,C00457,C00457,U0012,U0012,임동현,온라인,2024-07-02,20,,계약희망,계약금 조율 필요,
CS01531,C00075,C00075,U0092,U0092,한지민,전화,2025-01-26,240,이상치(장시간),보류,,
CS01532,C00374,C00374,U0101,U0101,안시윤,전화,2024-10-20,20,,보류,특약사항 확인 요청,
CS01533,C00460,C00460,U0209,U0209,서주원,SNS,2025-09-03,240,이상치(장시간),거절,가격 재문의,
CS01534,C00236,C00236,U0058,U0058,장채원,방문,2025-10-09,15,,재상담예정,특약사항 확인 요청,
CS01535,C00141,C00141,U0032,U0032,홍태윤,온라인,2025-07-26,30,,재상담예정,가족과 상의 후 재연락,
CS01536,C00037,C00037,U0111,U0111,조도윤,전화,2025-03-28,15,,재상담예정,가족과 상의 후 재연락,
CS01537,C00382,C00382,,U9955,홍태윤,전화,2024-06-02,45,,계약희망,,unit
CS01538,C00551,C00551,U0092,U0092,서주원,전화,2025-10-15,,비정상(0이하),재상담예정,가격 재문의,
CS01539,C00548,C00548,U0196,U0196,김서준,방문,2024-01-03,45,,보류,전세 대비 비교 요청,
CS01540,C00258,C00258,U0132,U0132,임동현,전화,2026-02-18,240,이상치(장시간),재상담예정,,
CS01541,C00294,C00294,U0063,U0063,조도윤,전화,2024-07-17,,비정상(0이하),거절,현장 방문 예약,
CS01542,C00146,C00146,U0090,U0090,김서준,온라인,2026-10-13,60,,보류,층향 재문의,
CS01543,,C99972,U0040,U0040,서주원,전화,2024-01-24,,비정상(0이하),보류,계약금 조율 필요,customer
CS01544,C00556,C00556,,U9966,조도윤,SNS,2024-12-24,10,,계약희망,계약금 조율 필요,unit
CS01545,C00375,C00375,U0150,U0150,안시윤,전화,2026-06-04,45,,보류,현장 방문 예약,
CS01546,C00136,C00136,U0067,U0067,김서준,전화,2025-10-02,90,,계약희망,층향 재문의,
CS01547,C00516,C00516,U0026,U0026,안시윤,전화,2025-06-14,10,,보류,잔금 일정 문의,
CS01548,C00294,C00294,U0023,U0023,장채원,온라인,2026-11-15,30,,보류,특약사항 확인 요청,
CS01549,C00467,C00467,U0089,U0089,장은서,방문,2024-04-25,,비정상(0이하),계약희망,,
CS01550,C00354,C00354,U0127,U0127,김서준,방문,2025-02-19,20,,계약희망,계약금 조율 필요,
CS01551,,C99105,U0037,U0037,안시윤,전화,2024-03-12,45,,거절,잔금 일정 문의,customer
CS01552,C00463,C00463,U0130,U0130,장채원,SNS,2026-01-22,240,이상치(장시간),재상담예정,현장 방문 예약,
CS01553,C00412,C00412,U0134,U0134,김서준,SNS,2024-05-13,15,,보류,층향 재문의,
CS01554,C00475,C00475,,U9974,홍태윤,전화,2024-05-08,60,,보류,가격 재문의,unit
CS01555,C00233,C00233,U0183,U0183,안시윤,전화,2025-10-19,90,,재상담예정,타 단지와 비교 중,
CS01556,C00292,C00292,U0178,U0178,홍태윤,온라인,2024-09-20,90,,재상담예정,특약사항 확인 요청,
CS01557,C00205,C00205,U0002,U0002,한지민,전화,2024-01-05,30,,재상담예정,계약금 조율 필요,
CS01558,C00505,C00505,U0021,U0021,한지민,방문,2026-10-24,10,,보류,층향 재문의,
CS01559,C00132,C00132,U0106,U0106,홍태윤,SNS,2024-12-18,15,,재상담예정,층향 재문의,
CS01560,C00534,C00534,U0071,U0071,김서준,SNS,2026-01-19,,비정상(0이하),거절,타 단지와 비교 중,
CS01561,C00402,C00402,U0083,U0083,전동현,온라인,2025-05-10,20,,계약희망,타 단지와 비교 중,
CS01562,C00456,C00456,U0215,U0215,임동현,방문,2026-02-08,,비정상(0이하),계약희망,가족과 상의 후 재연락,
CS01563,C00230,C00230,U0029,U0029,김서준,방문,2024-12-05,90,,계약희망,전세 대비 비교 요청,
CS01564,C00294,C00294,,U9910,조도윤,방문,2024-05-15,15,,계약희망,전세 대비 비교 요청,unit
CS01565,C00595,C00595,U0217,U0217,한지민,방문,2026-11-20,20,,계약희망,,
CS01566,C00261,C00261,U0012,U0012,서주원,방문,2024-05-03,30,,계약희망,잔금 일정 문의,
CS01567,C00026,C00026,U0088,U0088,안시윤,방문,2026-12-08,20,,계약희망,,
CS01568,C00426,C00426,U0116,U0116,한지민,전화,2025-07-01,240,이상치(장시간),재상담예정,계약금 조율 필요,
CS01569,C00039,C00039,U0210,U0210,임동현,방문,2026-04-03,10,,거절,현장 방문 예약,
CS01570,C00309,C00309,U0033,U0033,장채원,전화,2024-08-11,,비정상(0이하),재상담예정,추가 자료 요청,
CS01571,,C99219,U0220,U0220,장채원,방문,2025-05-09,240,이상치(장시간),보류,전세 대비 비교 요청,customer
CS01572,C00444,C00444,U0101,U0101,김서준,전화,2026-05-03,20,,계약희망,가족과 상의 후 재연락,
CS01573,C00573,C00573,U0208,U0208,전동현,전화,2024-02-23,,비정상(0이하),재상담예정,가족과 상의 후 재연락,
CS01574,C00298,C00298,U0010,U0010,한지민,전화,2026-10-13,60,,보류,특약사항 확인 요청,
CS01575,C00288,C00288,U0100,U0100,한지민,전화,2024-01-09,,비정상(0이하),거절,층향 재문의,
CS01576,C00013,C00013,U0163,U0163,한지민,방문,2026-10-09,,비정상(0이하),보류,현장 방문 예약,
CS01577,,C99054,U0117,U0117,임동현,방문,2024-02-15,,비정상(0이하),거절,전세 대비 비교 요청,customer
CS01578,C00214,C00214,U0209,U0209,서주원,방문,2024-08-17,15,,계약희망,추가 자료 요청,
CS01579,C00296,C00296,U0010,U0010,한지민,전화,2024-03-03,45,,거절,전세 대비 비교 요청,
CS01580,C00296,C00296,U0059,U0059,장채원,전화,2026-11-17,45,,거절,특약사항 확인 요청,
CS01581,C00005,C00005,U0028,U0028,임동현,전화,2026-01-27,30,,계약희망,잔금 일정 문의,
CS01582,C00160,C00160,U0150,U0150,임동현,전화,2025-11-13,60,,계약희망,계약금 조율 필요,
CS01583,C00178,C00178,U0117,U0117,홍태윤,전화,2026-05-25,90,,보류,가족과 상의 후 재연락,
CS01584,C00470,C00470,U0217,U0217,홍태윤,방문,2025-11-08,240,이상치(장시간),재상담예정,층향 재문의,
CS01585,C00124,C00124,U0067,U0067,서주원,방문,2024-05-19,30,,재상담예정,계약금 조율 필요,
CS01586,C00054,C00054,U0094,U0094,안시윤,방문,2026-02-16,30,,계약희망,추가 자료 요청,
CS01587,C00302,C00302,,U9989,안시윤,전화,2026-09-20,30,,재상담예정,가족과 상의 후 재연락,unit
CS01588,C00084,C00084,U0153,U0153,안시윤,방문,2024-05-22,60,,계약희망,추가 자료 요청,
CS01589,C00225,C00225,U0034,U0034,김서준,온라인,2024-12-18,90,,보류,전세 대비 비교 요청,
CS01590,C00209,C00209,U0160,U0160,서주원,방문,2025-01-01,10,,계약희망,대출 상담 필요,
CS01591,C00553,C00553,U0107,U0107,한지민,전화,2026-08-07,,비정상(0이하),계약희망,,
CS01592,C00447,C00447,U0023,U0023,조도윤,온라인,2024-01-22,,비정상(0이하),보류,층향 재문의,
CS01593,C00131,C00131,U0097,U0097,김서준,방문,2026-01-25,,비정상(0이하),보류,대출 상담 필요,
CS01594,C00455,C00455,U0068,U0068,김서준,전화,2025-11-15,30,,재상담예정,대출 상담 필요,
CS01595,C00485,C00485,U0019,U0019,전동현,전화,2026-09-05,20,,계약희망,추가 자료 요청,
CS01596,C00284,C00284,U0032,U0032,전동현,온라인,2024-11-21,30,,계약희망,추가 자료 요청,
CS01597,C00351,C00351,U0062,U0062,장채원,방문,2024-06-21,240,이상치(장시간),재상담예정,현장 방문 예약,
CS01598,,C99249,U0038,U0038,임동현,온라인,2026-11-03,240,이상치(장시간),보류,층향 재문의,customer
CS01599,C00258,C00258,U0163,U0163,장채원,SNS,2025-02-06,90,,거절,전세 대비 비교 요청,
CS01600,C00218,C00218,U0217,U0217,김서준,전화,2024-06-06,240,이상치(장시간),계약희망,잔금 일정 문의,
CS01601,C00294,C00294,U0192,U0192,조도윤,방문,2026-12-18,90,,계약희망,대출 상담 필요,
CS01602,C00546,C00546,U0057,U0057,조도윤,전화,2025-05-01,240,이상치(장시간),재상담예정,계약금 조율 필요,
CS01603,C00454,C00454,U0082,U0082,김서준,온라인,2026-11-22,10,,계약희망,계약금 조율 필요,
CS01604,C00390,C00390,U0092,U0092,김서준,SNS,2026-03-01,45,,계약희망,현장 방문 예약,
CS01605,C00127,C00127,U0102,U0102,안시윤,전화,2024-04-05,30,,보류,전세 대비 비교 요청,
CS01606,C00386,C00386,U0159,U0159,장은서,SNS,2025-08-25,30,,거절,계약금 조율 필요,
CS01607,C00204,C00204,U0089,U0089,한지민,방문,2026-03-09,,비정상(0이하),보류,현장 방문 예약,
CS01608,,C99727,U0136,U0136,김서준,방문,2025-07-21,,비정상(0이하),계약희망,잔금 일정 문의,customer
CS01609,C00587,C00587,U0008,U0008,임동현,전화,2026-01-12,90,,계약희망,추가 자료 요청,
CS01610,C00025,C00025,U0043,U0043,장은서,SNS,2026-09-05,,비정상(0이하),보류,대출 상담 필요,
CS01611,C00496,C00496,U0175,U0175,장은서,SNS,2026-04-03,20,,거절,잔금 일정 문의,
CS01612,C00431,C00431,,U9917,전동현,전화,2024-02-20,,비정상(0이하),거절,,unit
CS01613,C00249,C00249,U0184,U0184,김서준,전화,2026-12-14,30,,거절,특약사항 확인 요청,
CS01614,C00561,C00561,,U9946,장채원,전화,2024-01-17,15,,거절,추가 자료 요청,unit
CS01615,C00239,C00239,U0045,U0045,전동현,방문,2024-01-07,90,,거절,가격 재문의,
CS01616,C00010,C00010,U0136,U0136,홍태윤,전화,2026-04-22,45,,거절,가족과 상의 후 재연락,
CS01617,C00487,C00487,U0112,U0112,서주원,전화,2024-09-01,240,이상치(장시간),보류,대출 상담 필요,
CS01618,C00027,C00027,U0201,U0201,전동현,SNS,2025-09-16,45,,거절,특약사항 확인 요청,
CS01619,C00503,C00503,U0017,U0017,한지민,방문,2025-02-14,90,,계약희망,잔금 일정 문의,
CS01620,C00440,C00440,U0085,U0085,장은서,전화,2024-06-24,15,,계약희망,현장 방문 예약,
CS01621,C00044,C00044,U0151,U0151,안시윤,전화,2024-02-12,10,,재상담예정,전세 대비 비교 요청,
CS01622,C00165,C00165,U0107,U0107,홍태윤,전화,2026-04-04,60,,보류,추가 자료 요청,
CS01623,C00394,C00394,U0204,U0204,임동현,방문,2024-06-17,,비정상(0이하),거절,가족과 상의 후 재연락,
CS01624,C00057,C00057,U0190,U0190,김서준,온라인,2026-12-10,,비정상(0이하),보류,전세 대비 비교 요청,
CS01625,C00126,C00126,U0028,U0028,안시윤,전화,2025-03-27,60,,재상담예정,계약금 조율 필요,
CS01626,C00171,C00171,U0046,U0046,조도윤,전화,2024-02-15,45,,계약희망,잔금 일정 문의,
CS01627,C00436,C00436,U0137,U0137,장은서,방문,2026-01-23,240,이상치(장시간),재상담예정,대출 상담 필요,
CS01628,C00546,C00546,U0034,U0034,한지민,전화,2024-06-23,60,,보류,가격 재문의,
CS01629,C00062,C00062,U0091,U0091,장채원,방문,2025-06-15,,비정상(0이하),재상담예정,전세 대비 비교 요청,
CS01630,C00100,C00100,U0182,U0182,장은서,전화,2025-08-14,20,,계약희망,대출 상담 필요,
CS01631,,C99583,U0218,U0218,서주원,전화,2026-10-15,10,,보류,타 단지와 비교 중,customer
CS01632,C00022,C00022,U0052,U0052,전동현,전화,2026-10-25,90,,보류,잔금 일정 문의,
CS01633,C00056,C00056,U0192,U0192,조도윤,SNS,2026-09-21,240,이상치(장시간),거절,현장 방문 예약,
CS01634,C00007,C00007,U0192,U0192,장채원,온라인,2026-10-25,,비정상(0이하),거절,추가 자료 요청,
CS01635,C00048,C00048,U0201,U0201,조도윤,전화,2024-04-17,,비정상(0이하),보류,층향 재문의,
CS01636,C00562,C00562,U0144,U0144,조도윤,전화,2026-07-17,15,,계약희망,계약금 조율 필요,
CS01637,C00166,C00166,U0014,U0014,장은서,SNS,2026-01-21,10,,거절,전세 대비 비교 요청,
CS01638,C00439,C00439,U0218,U0218,한지민,전화,2026-11-27,45,,거절,잔금 일정 문의,
CS01639,C00240,C00240,U0012,U0012,홍태윤,전화,2026-03-24,90,,거절,잔금 일정 문의,
CS01640,C00030,C00030,U0116,U0116,전동현,전화,2026-02-23,90,,계약희망,가족과 상의 후 재연락,
CS01641,C00251,C00251,U0161,U0161,장채원,전화,2026-12-02,,비정상(0이하),거절,계약금 조율 필요,
CS01642,C00107,C00107,U0173,U0173,서주원,전화,2025-11-26,,비정상(0이하),거절,가족과 상의 후 재연락,
CS01643,C00464,C00464,U0126,U0126,서주원,방문,2026-04-02,,비정상(0이하),재상담예정,대출 상담 필요,
CS01644,C00072,C00072,U0007,U0007,임동현,전화,2024-08-17,,비정상(0이하),보류,가족과 상의 후 재연락,
CS01645,C00214,C00214,U0129,U0129,장채원,전화,2024-04-07,90,,거절,,
CS01646,C00143,C00143,U0058,U0058,안시윤,SNS,2024-11-26,90,,거절,추가 자료 요청,
CS01647,C00250,C00250,U0073,U0073,임동현,온라인,2024-05-20,10,,보류,잔금 일정 문의,
CS01648,C00407,C00407,U0075,U0075,임동현,전화,2026-06-02,240,이상치(장시간),거절,추가 자료 요청,
CS01649,C00563,C00563,U0011,U0011,서주원,방문,2024-01-02,90,,보류,현장 방문 예약,
CS01650,C00546,C00546,U0203,U0203,서주원,온라인,2025-08-26,90,,보류,,
CS01651,C00086,C00086,U0163,U0163,김서준,전화,2026-12-25,10,,재상담예정,대출 상담 필요,
CS01652,C00010,C00010,U0039,U0039,안시윤,전화,2026-11-08,10,,재상담예정,층향 재문의,
CS01653,C00327,C00327,U0002,U0002,장채원,전화,2025-06-11,60,,보류,추가 자료 요청,
CS01654,C00491,C00491,U0128,U0128,임동현,SNS,2026-10-26,45,,재상담예정,현장 방문 예약,
CS01655,C00508,C00508,U0154,U0154,조도윤,온라인,2026-07-02,10,,보류,현장 방문 예약,
CS01656,C00080,C00080,U0170,U0170,홍태윤,온라인,2024-07-19,10,,재상담예정,특약사항 확인 요청,
CS01657,C00516,C00516,U0103,U0103,전동현,방문,2026-01-14,,비정상(0이하),계약희망,타 단지와 비교 중,
CS01658,C00142,C00142,U0150,U0150,장은서,전화,2025-05-20,10,,보류,대출 상담 필요,
CS01659,C00279,C00279,U0019,U0019,장채원,방문,2024-11-08,30,,보류,전세 대비 비교 요청,
CS01660,C00381,C00381,U0157,U0157,장은서,방문,2024-06-08,10,,계약희망,가격 재문의,
CS01661,C00152,C00152,U0038,U0038,홍태윤,방문,2026-08-15,45,,거절,잔금 일정 문의,
CS01662,C00466,C00466,U0126,U0126,조도윤,온라인,2026-08-26,20,,보류,타 단지와 비교 중,
CS01663,C00597,C00597,U0192,U0192,조도윤,전화,2024-03-14,240,이상치(장시간),거절,현장 방문 예약,
CS01664,C00200,C00200,U0149,U0149,전동현,전화,2026-05-16,90,,계약희망,,
CS01665,C00425,C00425,U0068,U0068,홍태윤,전화,2026-11-09,60,,재상담예정,층향 재문의,
CS01666,C00031,C00031,U0121,U0121,전동현,전화,2026-05-01,,비정상(0이하),재상담예정,계약금 조율 필요,
CS01667,C00056,C00056,U0014,U0014,조도윤,방문,2024-03-20,,비정상(0이하),보류,층향 재문의,
CS01668,C00464,C00464,U0134,U0134,김서준,방문,2026-03-17,20,,재상담예정,잔금 일정 문의,
CS01669,C00329,C00329,U0001,U0001,김서준,전화,2025-02-21,,비정상(0이하),재상담예정,층향 재문의,
CS01670,,C99206,U0020,U0020,장은서,전화,2026-07-13,45,,보류,계약금 조율 필요,customer
CS01671,C00439,C00439,U0032,U0032,임동현,전화,2025-03-18,60,,거절,대출 상담 필요,
CS01672,C00134,C00134,U0022,U0022,조도윤,전화,2024-10-18,45,,계약희망,추가 자료 요청,
CS01673,C00493,C00493,U0178,U0178,서주원,전화,2026-11-13,,비정상(0이하),재상담예정,,
CS01674,C00497,C00497,U0015,U0015,임동현,전화,2025-01-10,30,,계약희망,특약사항 확인 요청,
CS01675,C00419,C00419,U0116,U0116,전동현,전화,2026-05-14,15,,계약희망,가격 재문의,
CS01676,C00364,C00364,U0014,U0014,안시윤,전화,2024-02-16,,비정상(0이하),계약희망,특약사항 확인 요청,
CS01677,C00094,C00094,U0171,U0171,장채원,온라인,2025-03-22,30,,보류,전세 대비 비교 요청,
CS01678,C00114,C00114,U0160,U0160,안시윤,SNS,2025-05-21,,비정상(0이하),재상담예정,특약사항 확인 요청,
CS01679,C00071,C00071,U0116,U0116,김서준,전화,2025-03-12,20,,보류,가격 재문의,
CS01680,C00514,C00514,U0073,U0073,전동현,전화,2026-04-15,45,,보류,계약금 조율 필요,
CS01681,C00582,C00582,U0114,U0114,장은서,전화,2025-12-19,240,이상치(장시간),재상담예정,가격 재문의,
CS01682,C00572,C00572,U0128,U0128,안시윤,전화,2025-05-20,10,,재상담예정,층향 재문의,
CS01683,C00102,C00102,U0070,U0070,안시윤,전화,2024-09-02,30,,계약희망,,
CS01684,C00074,C00074,U0068,U0068,김서준,SNS,2026-10-19,,비정상(0이하),보류,특약사항 확인 요청,
CS01685,C00346,C00346,U0189,U0189,조도윤,전화,2024-02-03,10,,계약희망,층향 재문의,
CS01686,C00422,C00422,U0109,U0109,장채원,SNS,2026-09-22,60,,계약희망,가족과 상의 후 재연락,
CS01687,C00043,C00043,U0106,U0106,임동현,전화,2026-04-02,,비정상(0이하),계약희망,가격 재문의,
CS01688,C00496,C00496,U0038,U0038,장채원,방문,2025-05-05,60,,보류,가격 재문의,
CS01689,C00252,C00252,U0076,U0076,조도윤,방문,2024-10-17,,비정상(0이하),보류,대출 상담 필요,
CS01690,C00514,C00514,U0175,U0175,한지민,전화,2026-09-09,,비정상(0이하),계약희망,가족과 상의 후 재연락,
CS01691,C00213,C00213,U0124,U0124,서주원,전화,2025-11-16,20,,재상담예정,타 단지와 비교 중,
CS01692,C00034,C00034,U0013,U0013,김서준,방문,2025-03-20,20,,재상담예정,전세 대비 비교 요청,
CS01693,C00520,C00520,U0159,U0159,안시윤,전화,2026-09-15,,비정상(0이하),계약희망,잔금 일정 문의,
CS01694,C00563,C00563,U0018,U0018,장채원,SNS,2024-02-20,20,,계약희망,추가 자료 요청,
CS01695,C00349,C00349,U0112,U0112,장채원,SNS,2025-06-22,15,,보류,층향 재문의,
CS01696,,C99156,U0216,U0216,장은서,SNS,2026-05-26,45,,거절,현장 방문 예약,customer
CS01697,C00493,C00493,U0018,U0018,홍태윤,온라인,2025-09-26,90,,보류,가격 재문의,
CS01698,,C99428,U0086,U0086,임동현,방문,2026-01-28,60,,보류,추가 자료 요청,customer
CS01699,C00244,C00244,U0077,U0077,홍태윤,방문,2024-04-27,,비정상(0이하),보류,잔금 일정 문의,
CS01700,C00511,C00511,U0091,U0091,임동현,전화,2024-02-05,15,,보류,층향 재문의,
CS01701,C00101,C00101,U0205,U0205,한지민,전화,2025-07-03,60,,계약희망,특약사항 확인 요청,
CS01702,C00391,C00391,U0060,U0060,서주원,전화,2025-12-27,45,,계약희망,타 단지와 비교 중,
CS01703,C00186,C00186,U0044,U0044,김서준,전화,2026-12-18,90,,거절,전세 대비 비교 요청,
CS01704,C00233,C00233,U0183,U0183,홍태윤,전화,2025-03-18,,비정상(0이하),계약희망,특약사항 확인 요청,
CS01705,C00010,C00010,U0021,U0021,조도윤,방문,2026-03-27,240,이상치(장시간),보류,가족과 상의 후 재연락,
CS01706,C00227,C00227,U0054,U0054,홍태윤,방문,2025-09-14,45,,재상담예정,층향 재문의,
CS01707,C00410,C00410,U0139,U0139,조도윤,방문,2025-03-16,20,,계약희망,추가 자료 요청,
CS01708,C00541,C00541,U0130,U0130,한지민,방문,2025-08-18,30,,계약희망,현장 방문 예약,
CS01709,C00188,C00188,U0059,U0059,안시윤,방문,2025-11-21,60,,보류,가족과 상의 후 재연락,
CS01710,C00223,C00223,U0218,U0218,전동현,전화,2025-11-23,10,,거절,층향 재문의,
CS01711,C00043,C00043,U0121,U0121,홍태윤,전화,2024-08-08,20,,재상담예정,가격 재문의,
CS01712,C00176,C00176,U0202,U0202,안시윤,전화,2026-03-11,60,,계약희망,전세 대비 비교 요청,
CS01713,C00019,C00019,U0204,U0204,서주원,방문,2025-11-02,45,,계약희망,층향 재문의,
CS01714,C00162,C00162,U0150,U0150,임동현,전화,2025-07-28,,비정상(0이하),거절,현장 방문 예약,
CS01715,,C99987,U0072,U0072,장은서,SNS,2025-12-22,90,,보류,전세 대비 비교 요청,customer
CS01716,C00525,C00525,U0042,U0042,장은서,방문,2026-06-12,,비정상(0이하),재상담예정,타 단지와 비교 중,
CS01717,C00341,C00341,U0068,U0068,홍태윤,전화,2026-10-22,45,,재상담예정,현장 방문 예약,
CS01718,C00568,C00568,U0153,U0153,임동현,SNS,2024-02-05,10,,계약희망,추가 자료 요청,
CS01719,C00029,C00029,U0130,U0130,임동현,전화,2025-03-18,30,,계약희망,가격 재문의,
CS01720,C00596,C00596,U0141,U0141,서주원,전화,2024-01-18,10,,보류,계약금 조율 필요,
CS01721,C00179,C00179,U0051,U0051,장은서,온라인,2025-01-05,,비정상(0이하),재상담예정,대출 상담 필요,
CS01722,C00400,C00400,U0094,U0094,장채원,전화,2026-10-12,,비정상(0이하),재상담예정,특약사항 확인 요청,
CS01723,C00575,C00575,U0146,U0146,임동현,전화,2025-01-11,60,,계약희망,계약금 조율 필요,
CS01724,C00294,C00294,U0094,U0094,장채원,전화,2025-02-18,30,,거절,타 단지와 비교 중,
CS01725,C00153,C00153,U0016,U0016,홍태윤,방문,2026-09-21,,비정상(0이하),거절,대출 상담 필요,
CS01726,C00282,C00282,U0182,U0182,한지민,전화,2025-06-16,45,,계약희망,,
CS01727,C00500,C00500,U0099,U0099,조도윤,온라인,2025-08-07,10,,계약희망,가족과 상의 후 재연락,
CS01728,C00372,C00372,U0062,U0062,한지민,전화,2024-03-24,45,,보류,전세 대비 비교 요청,
CS01729,C00392,C00392,U0112,U0112,서주원,온라인,2026-01-19,45,,계약희망,층향 재문의,
CS01730,C00142,C00142,U0213,U0213,장채원,전화,2025-08-19,60,,거절,계약금 조율 필요,
CS01731,C00371,C00371,U0023,U0023,한지민,전화,2026-04-05,60,,계약희망,대출 상담 필요,
CS01732,C00379,C00379,U0078,U0078,안시윤,방문,2026-04-09,,비정상(0이하),계약희망,,
CS01733,C00488,C00488,U0046,U0046,홍태윤,방문,2025-09-14,15,,계약희망,대출 상담 필요,
CS01734,,C99169,U0159,U0159,서주원,SNS,2026-12-07,,비정상(0이하),계약희망,잔금 일정 문의,customer
CS01735,C00470,C00470,U0159,U0159,조도윤,방문,2026-01-18,,비정상(0이하),재상담예정,잔금 일정 문의,
CS01736,C00409,C00409,U0030,U0030,전동현,온라인,2024-11-19,240,이상치(장시간),보류,특약사항 확인 요청,
CS01737,C00459,C00459,U0187,U0187,임동현,전화,2024-02-15,20,,재상담예정,계약금 조율 필요,
CS01738,C00492,C00492,U0183,U0183,임동현,방문,2024-08-03,10,,계약희망,계약금 조율 필요,
CS01739,C00440,C00440,U0209,U0209,홍태윤,전화,2024-04-24,30,,보류,잔금 일정 문의,
CS01740,C00106,C00106,,U9963,김서준,전화,2024-05-17,,비정상(0이하),재상담예정,계약금 조율 필요,unit
CS01741,C00063,C00063,U0040,U0040,서주원,전화,2026-08-05,30,,보류,대출 상담 필요,
CS01742,,C99200,U0170,U0170,서주원,전화,2026-09-24,15,,재상담예정,가격 재문의,customer
CS01743,C00147,C00147,U0147,U0147,장은서,전화,2024-01-14,90,,계약희망,잔금 일정 문의,
CS01744,C00486,C00486,U0215,U0215,홍태윤,SNS,2025-11-20,30,,계약희망,가격 재문의,
CS01745,C00398,C00398,U0175,U0175,서주원,전화,2024-01-19,,비정상(0이하),계약희망,현장 방문 예약,
CS01746,C00214,C00214,U0056,U0056,장은서,전화,2024-07-11,,비정상(0이하),계약희망,추가 자료 요청,
CS01747,C00361,C00361,U0160,U0160,장채원,전화,2024-04-15,60,,재상담예정,타 단지와 비교 중,
CS01748,C00301,C00301,U0084,U0084,조도윤,전화,2026-03-22,60,,거절,특약사항 확인 요청,
CS01749,C00320,C00320,U0197,U0197,임동현,전화,2026-07-26,10,,보류,가족과 상의 후 재연락,
CS01750,C00330,C00330,U0144,U0144,김서준,SNS,2026-12-16,30,,계약희망,가격 재문의,
CS01751,C00198,C00198,U0061,U0061,김서준,전화,2025-06-17,45,,거절,층향 재문의,
CS01752,C00201,C00201,U0183,U0183,홍태윤,전화,2025-04-16,15,,계약희망,계약금 조율 필요,
CS01753,C00491,C00491,U0044,U0044,한지민,전화,2025-07-02,15,,계약희망,층향 재문의,
CS01754,C00497,C00497,U0199,U0199,조도윤,방문,2024-06-15,20,,보류,추가 자료 요청,
CS01755,C00502,C00502,U0019,U0019,김서준,전화,2025-02-04,45,,재상담예정,대출 상담 필요,
CS01756,C00075,C00075,U0043,U0043,안시윤,전화,2026-01-26,60,,거절,현장 방문 예약,
CS01757,C00053,C00053,U0045,U0045,한지민,SNS,2026-04-13,,비정상(0이하),계약희망,잔금 일정 문의,
CS01758,C00278,C00278,U0205,U0205,안시윤,전화,2026-11-11,45,,재상담예정,가격 재문의,
CS01759,C00026,C00026,U0002,U0002,홍태윤,방문,2024-10-14,20,,보류,층향 재문의,
CS01760,C00376,C00376,U0121,U0121,장은서,SNS,2026-03-23,15,,계약희망,가족과 상의 후 재연락,
CS01761,C00017,C00017,U0202,U0202,전동현,SNS,2026-06-27,,비정상(0이하),계약희망,전세 대비 비교 요청,
CS01762,C00454,C00454,U0093,U0093,한지민,전화,2024-02-07,90,,거절,층향 재문의,
CS01763,C00309,C00309,U0191,U0191,홍태윤,방문,2025-01-01,90,,거절,추가 자료 요청,
CS01764,C00381,C00381,U0182,U0182,한지민,전화,2024-10-12,45,,거절,잔금 일정 문의,
CS01765,C00312,C00312,U0190,U0190,김서준,온라인,2025-12-23,60,,보류,층향 재문의,
CS01766,C00269,C00269,U0029,U0029,장은서,SNS,2026-12-28,15,,재상담예정,전세 대비 비교 요청,
CS01767,C00476,C00476,U0082,U0082,김서준,SNS,2024-06-22,15,,보류,현장 방문 예약,
CS01768,C00503,C00503,U0132,U0132,전동현,방문,2026-02-22,10,,재상담예정,층향 재문의,
CS01769,C00497,C00497,U0183,U0183,김서준,방문,2026-11-11,,비정상(0이하),보류,가격 재문의,
CS01770,C00564,C00564,U0200,U0200,서주원,전화,2026-05-18,45,,보류,특약사항 확인 요청,
CS01771,C00053,C00053,U0202,U0202,장은서,온라인,2026-04-21,30,,재상담예정,추가 자료 요청,
CS01772,C00436,C00436,U0169,U0169,전동현,온라인,2026-02-22,30,,거절,현장 방문 예약,
CS01773,C00397,C00397,U0183,U0183,홍태윤,방문,2024-06-17,,비정상(0이하),재상담예정,가격 재문의,
CS01774,C00344,C00344,U0072,U0072,서주원,방문,2026-01-16,240,이상치(장시간),계약희망,대출 상담 필요,
CS01775,C00016,C00016,U0066,U0066,장채원,SNS,2026-11-03,15,,재상담예정,특약사항 확인 요청,
CS01776,C00131,C00131,U0197,U0197,조도윤,전화,2025-04-24,,비정상(0이하),보류,가족과 상의 후 재연락,
CS01777,C00537,C00537,U0172,U0172,장은서,전화,2025-09-22,,비정상(0이하),계약희망,대출 상담 필요,
CS01778,C00205,C00205,U0063,U0063,전동현,온라인,2024-03-03,,비정상(0이하),재상담예정,계약금 조율 필요,
CS01779,C00448,C00448,U0016,U0016,홍태윤,전화,2026-07-14,10,,보류,층향 재문의,
CS01780,C00032,C00032,U0166,U0166,김서준,온라인,2025-02-14,45,,계약희망,가격 재문의,
CS01781,C00020,C00020,U0191,U0191,장은서,전화,2026-10-27,10,,재상담예정,층향 재문의,
CS01782,C00455,C00455,U0132,U0132,장채원,SNS,2025-12-23,90,,계약희망,전세 대비 비교 요청,
CS01783,C00167,C00167,U0130,U0130,장은서,전화,2024-11-23,90,,재상담예정,,
CS01784,C00554,C00554,U0089,U0089,안시윤,전화,2025-05-22,45,,보류,현장 방문 예약,
CS01785,C00566,C00566,U0174,U0174,서주원,방문,2026-09-06,,비정상(0이하),거절,계약금 조율 필요,
CS01786,C00540,C00540,U0001,U0001,홍태윤,온라인,2024-04-10,60,,보류,현장 방문 예약,
CS01787,C00033,C00033,U0058,U0058,안시윤,온라인,2024-12-13,45,,거절,계약금 조율 필요,
CS01788,C00019,C00019,U0157,U0157,전동현,전화,2024-08-25,45,,재상담예정,층향 재문의,
CS01789,C00135,C00135,U0039,U0039,서주원,온라인,2025-12-16,60,,계약희망,가족과 상의 후 재연락,
CS01790,C00407,C00407,U0148,U0148,임동현,전화,2024-01-24,60,,재상담예정,전세 대비 비교 요청,
CS01791,C00355,C00355,U0127,U0127,조도윤,전화,2024-05-05,20,,보류,층향 재문의,
CS01792,C00047,C00047,U0202,U0202,홍태윤,전화,2024-08-22,20,,보류,대출 상담 필요,
CS01793,C00295,C00295,U0059,U0059,전동현,전화,2026-12-23,10,,거절,가격 재문의,
CS01794,C00235,C00235,U0003,U0003,서주원,SNS,2024-04-25,30,,거절,현장 방문 예약,
CS01795,C00273,C00273,U0166,U0166,장은서,SNS,2026-11-01,45,,계약희망,층향 재문의,
CS01796,C00583,C00583,U0176,U0176,조도윤,전화,2025-07-19,90,,재상담예정,잔금 일정 문의,
CS01797,C00123,C00123,U0092,U0092,안시윤,방문,2026-12-05,15,,계약희망,가족과 상의 후 재연락,
CS01798,C00451,C00451,U0041,U0041,장은서,SNS,2024-06-07,20,,계약희망,현장 방문 예약,
CS01799,C00344,C00344,U0158,U0158,임동현,전화,2026-03-17,,비정상(0이하),계약희망,전세 대비 비교 요청,
CS01800,C00401,C00401,U0174,U0174,안시윤,전화,2024-11-07,15,,계약희망,층향 재문의,
CS01801,C00504,C00504,U0212,U0212,전동현,온라인,2025-06-25,15,,재상담예정,현장 방문 예약,
CS01802,C00221,C00221,U0189,U0189,김서준,방문,2025-11-22,10,,재상담예정,현장 방문 예약,
CS01803,C00566,C00566,U0077,U0077,임동현,온라인,2026-11-18,90,,거절,추가 자료 요청,
CS01804,C00150,C00150,,U9967,장은서,전화,2025-03-10,20,,거절,특약사항 확인 요청,unit
CS01805,C00080,C00080,U0062,U0062,김서준,SNS,2025-05-07,240,이상치(장시간),거절,전세 대비 비교 요청,
CS01806,C00314,C00314,,U9971,김서준,전화,2026-06-11,45,,거절,가족과 상의 후 재연락,unit
CS01807,C00062,C00062,U0132,U0132,전동현,온라인,2024-01-05,15,,재상담예정,가족과 상의 후 재연락,
CS01808,C00446,C00446,U0057,U0057,장은서,SNS,2024-06-24,90,,보류,타 단지와 비교 중,
CS01809,C00235,C00235,U0130,U0130,김서준,전화,2026-04-20,15,,계약희망,대출 상담 필요,
CS01810,C00054,C00054,U0078,U0078,장은서,SNS,2025-07-24,10,,보류,현장 방문 예약,
CS01811,C00546,C00546,U0194,U0194,장은서,전화,2026-10-21,30,,거절,대출 상담 필요,
CS01812,C00144,C00144,U0204,U0204,임동현,방문,2026-11-01,240,이상치(장시간),거절,추가 자료 요청,
CS01813,C00562,C00562,U0144,U0144,임동현,전화,2025-06-25,,비정상(0이하),계약희망,잔금 일정 문의,
CS01814,C00197,C00197,U0203,U0203,전동현,전화,2024-09-15,,비정상(0이하),계약희망,,
CS01815,C00561,C00561,U0089,U0089,조도윤,전화,2024-09-07,,비정상(0이하),재상담예정,대출 상담 필요,
CS01816,C00415,C00415,U0193,U0193,한지민,전화,2024-08-09,30,,계약희망,특약사항 확인 요청,
CS01817,C00559,C00559,U0011,U0011,임동현,전화,2026-06-02,20,,계약희망,,
CS01818,C00306,C00306,U0100,U0100,임동현,전화,2026-11-06,45,,보류,특약사항 확인 요청,
CS01819,C00456,C00456,U0153,U0153,안시윤,전화,2024-03-27,15,,계약희망,계약금 조율 필요,
CS01820,,C99559,U0012,U0012,김서준,전화,2025-07-20,45,,계약희망,가격 재문의,customer
CS01821,C00177,C00177,U0067,U0067,서주원,방문,2025-07-24,240,이상치(장시간),보류,타 단지와 비교 중,
CS01822,C00569,C00569,U0012,U0012,안시윤,전화,2024-12-19,90,,재상담예정,추가 자료 요청,
CS01823,C00509,C00509,U0180,U0180,한지민,방문,2026-11-02,10,,계약희망,가족과 상의 후 재연락,
CS01824,C00032,C00032,U0034,U0034,전동현,방문,2025-12-23,90,,계약희망,특약사항 확인 요청,
CS01825,C00382,C00382,U0197,U0197,임동현,전화,2024-10-11,,비정상(0이하),계약희망,타 단지와 비교 중,
CS01826,C00111,C00111,U0220,U0220,전동현,전화,2026-02-12,,비정상(0이하),계약희망,전세 대비 비교 요청,
CS01827,C00396,C00396,U0198,U0198,전동현,전화,2024-07-21,60,,계약희망,대출 상담 필요,
CS01828,C00415,C00415,U0148,U0148,장은서,방문,2025-02-17,90,,계약희망,가격 재문의,
CS01829,C00178,C00178,U0038,U0038,안시윤,전화,2024-12-06,,비정상(0이하),계약희망,전세 대비 비교 요청,
CS01830,C00027,C00027,U0152,U0152,한지민,전화,2024-02-25,30,,계약희망,전세 대비 비교 요청,
CS01831,C00160,C00160,U0014,U0014,장은서,방문,2024-08-28,15,,계약희망,특약사항 확인 요청,
CS01832,C00551,C00551,U0115,U0115,서주원,온라인,2024-07-13,15,,보류,추가 자료 요청,
CS01833,C00198,C00198,U0016,U0016,안시윤,방문,2026-06-03,90,,보류,대출 상담 필요,
CS01834,C00029,C00029,U0013,U0013,홍태윤,SNS,2024-09-03,15,,계약희망,전세 대비 비교 요청,
CS01835,C00594,C00594,U0047,U0047,장채원,온라인,2026-12-17,,비정상(0이하),보류,대출 상담 필요,
CS01836,C00476,C00476,U0088,U0088,장채원,방문,2026-11-23,,비정상(0이하),계약희망,추가 자료 요청,
CS01837,C00304,C00304,U0147,U0147,전동현,전화,2026-01-10,60,,보류,가격 재문의,
CS01838,C00471,C00471,U0002,U0002,조도윤,전화,2025-05-25,15,,재상담예정,가격 재문의,
CS01839,C00222,C00222,U0178,U0178,임동현,전화,2024-05-02,,비정상(0이하),거절,잔금 일정 문의,
CS01840,C00350,C00350,,U9951,조도윤,전화,2024-10-22,60,,보류,추가 자료 요청,unit
CS01841,C00178,C00178,U0102,U0102,조도윤,전화,2026-04-22,240,이상치(장시간),계약희망,계약금 조율 필요,
CS01842,C00140,C00140,U0071,U0071,한지민,전화,2024-11-20,10,,재상담예정,현장 방문 예약,
CS01843,C00388,C00388,U0049,U0049,김서준,전화,2026-09-10,,비정상(0이하),계약희망,특약사항 확인 요청,
CS01844,C00368,C00368,U0101,U0101,김서준,방문,2025-08-05,,비정상(0이하),거절,,
CS01845,C00586,C00586,U0082,U0082,홍태윤,방문,2024-03-26,90,,계약희망,대출 상담 필요,
CS01846,C00006,C00006,U0197,U0197,한지민,온라인,2025-07-01,30,,재상담예정,층향 재문의,
CS01847,C00281,C00281,U0202,U0202,김서준,전화,2025-11-02,15,,재상담예정,추가 자료 요청,
CS01848,C00283,C00283,U0076,U0076,홍태윤,SNS,2024-06-27,,비정상(0이하),거절,타 단지와 비교 중,
CS01849,C00397,C00397,U0052,U0052,전동현,전화,2025-12-13,10,,계약희망,전세 대비 비교 요청,
CS01850,C00546,C00546,U0017,U0017,안시윤,온라인,2024-06-28,10,,보류,특약사항 확인 요청,
CS01851,C00343,C00343,U0049,U0049,전동현,전화,2026-05-12,90,,계약희망,가족과 상의 후 재연락,
CS01852,C00162,C00162,U0063,U0063,전동현,방문,2026-12-23,15,,계약희망,잔금 일정 문의,
CS01853,C00140,C00140,U0058,U0058,한지민,전화,2025-12-21,15,,계약희망,계약금 조율 필요,
CS01854,C00292,C00292,U0178,U0178,장은서,온라인,2024-11-27,,비정상(0이하),거절,가격 재문의,
CS01855,C00258,C00258,U0030,U0030,임동현,방문,2026-03-08,15,,계약희망,,
CS01856,C00383,C00383,U0028,U0028,홍태윤,전화,2024-11-19,90,,거절,계약금 조율 필요,
CS01857,C00574,C00574,U0194,U0194,조도윤,방문,2024-11-11,60,,거절,특약사항 확인 요청,
CS01858,C00058,C00058,U0197,U0197,임동현,방문,2026-09-18,20,,보류,특약사항 확인 요청,
CS01859,C00178,C00178,U0048,U0048,서주원,방문,2025-04-11,15,,계약희망,타 단지와 비교 중,
CS01860,,C99047,U0064,U0064,홍태윤,방문,2025-04-18,,비정상(0이하),재상담예정,현장 방문 예약,customer
CS01861,C00550,C00550,U0097,U0097,장은서,전화,2026-03-18,,비정상(0이하),계약희망,계약금 조율 필요,
CS01862,C00385,C00385,U0034,U0034,임동현,전화,2025-06-07,15,,계약희망,가족과 상의 후 재연락,
CS01863,C00497,C00497,U0193,U0193,장은서,전화,2025-03-04,10,,계약희망,잔금 일정 문의,
CS01864,C00106,C00106,U0163,U0163,한지민,전화,2024-07-03,45,,재상담예정,잔금 일정 문의,
CS01865,C00297,C00297,U0080,U0080,장채원,방문,2024-04-03,240,이상치(장시간),거절,가족과 상의 후 재연락,
CS01866,C00484,C00484,U0071,U0071,장채원,방문,2025-03-20,90,,계약희망,추가 자료 요청,
CS01867,C00581,C00581,U0078,U0078,안시윤,전화,2025-10-20,,비정상(0이하),재상담예정,,
CS01868,C00162,C00162,U0135,U0135,홍태윤,방문,2025-09-13,10,,계약희망,타 단지와 비교 중,
CS01869,C00034,C00034,U0056,U0056,한지민,전화,2024-09-05,,비정상(0이하),보류,가족과 상의 후 재연락,
CS01870,C00029,C00029,U0048,U0048,전동현,방문,2026-06-09,,비정상(0이하),보류,,
CS01871,C00029,C00029,U0188,U0188,조도윤,방문,2026-09-07,90,,재상담예정,추가 자료 요청,
CS01872,C00537,C00537,,U9951,김서준,전화,2025-07-28,60,,재상담예정,추가 자료 요청,unit
CS01873,C00021,C00021,U0141,U0141,홍태윤,방문,2024-03-26,,비정상(0이하),보류,층향 재문의,
CS01874,C00449,C00449,U0138,U0138,홍태윤,전화,2026-05-25,,비정상(0이하),보류,전세 대비 비교 요청,
CS01875,C00581,C00581,U0003,U0003,김서준,온라인,2026-06-21,240,이상치(장시간),계약희망,현장 방문 예약,
CS01876,C00526,C00526,U0102,U0102,서주원,온라인,2025-09-12,30,,거절,가족과 상의 후 재연락,
CS01877,C00033,C00033,U0187,U0187,한지민,전화,2026-02-04,,비정상(0이하),보류,잔금 일정 문의,
CS01878,C00489,C00489,U0100,U0100,장은서,전화,2025-09-22,15,,보류,현장 방문 예약,
CS01879,C00533,C00533,U0136,U0136,장채원,전화,2026-07-24,60,,계약희망,,
CS01880,C00076,C00076,U0067,U0067,임동현,방문,2026-04-16,240,이상치(장시간),보류,추가 자료 요청,
CS01881,C00048,C00048,U0128,U0128,장은서,방문,2025-08-14,,비정상(0이하),계약희망,가족과 상의 후 재연락,
CS01882,C00409,C00409,U0109,U0109,장채원,방문,2025-02-16,45,,보류,층향 재문의,
CS01883,C00568,C00568,U0168,U0168,홍태윤,SNS,2025-03-14,,비정상(0이하),계약희망,,
CS01884,C00552,C00552,U0030,U0030,서주원,SNS,2024-01-04,15,,거절,잔금 일정 문의,
CS01885,C00361,C00361,U0079,U0079,장은서,온라인,2026-04-14,45,,거절,전세 대비 비교 요청,
CS01886,,C99002,U0186,U0186,한지민,방문,2025-02-26,90,,계약희망,잔금 일정 문의,customer
CS01887,C00325,C00325,U0169,U0169,조도윤,전화,2024-06-16,30,,계약희망,전세 대비 비교 요청,
CS01888,C00041,C00041,U0060,U0060,서주원,전화,2024-01-19,90,,보류,계약금 조율 필요,
CS01889,C00489,C00489,U0058,U0058,장채원,방문,2024-06-17,90,,거절,특약사항 확인 요청,
CS01890,C00466,C00466,U0027,U0027,장채원,SNS,2026-06-12,,비정상(0이하),재상담예정,가격 재문의,
CS01891,C00493,C00493,U0086,U0086,장은서,SNS,2026-02-27,,비정상(0이하),보류,추가 자료 요청,
CS01892,,C99989,U0151,U0151,조도윤,전화,2025-07-17,,비정상(0이하),계약희망,층향 재문의,customer
CS01893,C00135,C00135,U0122,U0122,장채원,전화,2025-09-13,,비정상(0이하),보류,현장 방문 예약,
CS01894,C00397,C00397,U0128,U0128,김서준,방문,2025-04-05,,비정상(0이하),거절,전세 대비 비교 요청,
CS01895,C00048,C00048,U0205,U0205,김서준,전화,2025-09-15,90,,거절,계약금 조율 필요,
CS01896,C00385,C00385,U0216,U0216,한지민,전화,2026-04-09,,비정상(0이하),보류,잔금 일정 문의,
CS01897,C00568,C00568,U0062,U0062,조도윤,전화,2024-10-21,10,,계약희망,전세 대비 비교 요청,
CS01898,C00284,C00284,U0059,U0059,장은서,전화,2025-06-01,30,,계약희망,계약금 조율 필요,
CS01899,,C99235,U0137,U0137,장채원,SNS,2026-09-12,90,,계약희망,가족과 상의 후 재연락,customer
CS01900,C00145,C00145,U0078,U0078,전동현,방문,2026-01-23,45,,계약희망,잔금 일정 문의,
CS01901,C00298,C00298,U0185,U0185,전동현,전화,2024-03-26,45,,보류,현장 방문 예약,
CS01902,C00409,C00409,U0137,U0137,한지민,전화,2026-07-07,30,,재상담예정,잔금 일정 문의,
CS01903,C00048,C00048,U0191,U0191,장채원,방문,2024-03-16,30,,거절,전세 대비 비교 요청,
CS01904,C00121,C00121,U0182,U0182,전동현,방문,2026-05-27,15,,재상담예정,현장 방문 예약,
CS01905,C00257,C00257,U0137,U0137,한지민,전화,2026-06-04,90,,재상담예정,계약금 조율 필요,
CS01906,C00080,C00080,U0052,U0052,한지민,전화,2024-01-14,15,,재상담예정,,
CS01907,C00184,C00184,U0122,U0122,홍태윤,전화,2024-06-01,60,,계약희망,추가 자료 요청,
CS01908,C00307,C00307,U0121,U0121,조도윤,방문,2025-01-16,15,,계약희망,타 단지와 비교 중,
CS01909,C00341,C00341,U0103,U0103,임동현,방문,2024-10-04,20,,거절,전세 대비 비교 요청,
CS01910,C00538,C00538,U0077,U0077,임동현,방문,2024-12-24,30,,계약희망,계약금 조율 필요,
CS01911,C00026,C00026,U0178,U0178,전동현,전화,2024-08-19,15,,거절,대출 상담 필요,
CS01912,C00370,C00370,U0069,U0069,조도윤,전화,2024-08-17,30,,거절,층향 재문의,
CS01913,C00516,C00516,U0059,U0059,안시윤,전화,2025-08-07,90,,계약희망,잔금 일정 문의,
CS01914,C00339,C00339,U0123,U0123,서주원,방문,2024-10-01,30,,계약희망,가족과 상의 후 재연락,
CS01915,C00006,C00006,U0066,U0066,안시윤,전화,2024-07-16,,비정상(0이하),거절,가격 재문의,
CS01916,C00462,C00462,U0147,U0147,임동현,온라인,2026-10-07,10,,계약희망,계약금 조율 필요,
CS01917,C00583,C00583,,U9991,장채원,전화,2025-03-14,240,이상치(장시간),보류,가족과 상의 후 재연락,unit
CS01918,C00185,C00185,U0156,U0156,임동현,SNS,2026-10-13,90,,보류,가족과 상의 후 재연락,
CS01919,C00141,C00141,U0103,U0103,장채원,방문,2024-04-01,,비정상(0이하),거절,가격 재문의,
CS01920,C00347,C00347,U0054,U0054,안시윤,SNS,2024-02-05,240,이상치(장시간),계약희망,가격 재문의,
CS01921,C00501,C00501,U0021,U0021,김서준,온라인,2026-03-23,10,,계약희망,잔금 일정 문의,
CS01922,C00467,C00467,U0201,U0201,한지민,전화,2026-04-02,60,,보류,층향 재문의,
CS01923,C00436,C00436,U0212,U0212,홍태윤,전화,2025-04-19,,비정상(0이하),거절,,
CS01924,C00108,C00108,U0213,U0213,홍태윤,SNS,2024-09-06,,비정상(0이하),보류,현장 방문 예약,
CS01925,C00480,C00480,U0151,U0151,안시윤,전화,2024-09-11,20,,재상담예정,층향 재문의,
CS01926,C00361,C00361,U0021,U0021,전동현,방문,2025-10-02,30,,계약희망,특약사항 확인 요청,
CS01927,C00131,C00131,U0129,U0129,전동현,전화,2024-11-26,60,,거절,전세 대비 비교 요청,
CS01928,C00294,C00294,U0217,U0217,한지민,전화,2024-09-19,20,,거절,가격 재문의,
CS01929,C00225,C00225,U0007,U0007,안시윤,SNS,2025-10-12,60,,거절,층향 재문의,
CS01930,C00586,C00586,U0016,U0016,장은서,방문,2026-03-22,20,,거절,계약금 조율 필요,
CS01931,C00563,C00563,U0127,U0127,서주원,온라인,2026-03-12,45,,보류,잔금 일정 문의,
CS01932,C00266,C00266,U0064,U0064,장은서,전화,2025-10-02,10,,거절,특약사항 확인 요청,
CS01933,C00277,C00277,U0141,U0141,장은서,전화,2026-12-24,90,,계약희망,현장 방문 예약,
CS01934,C00425,C00425,U0174,U0174,서주원,온라인,2025-11-28,,비정상(0이하),계약희망,가족과 상의 후 재연락,
CS01935,C00135,C00135,U0044,U0044,전동현,전화,2025-08-09,240,이상치(장시간),보류,타 단지와 비교 중,
CS01936,C00283,C00283,U0124,U0124,서주원,SNS,2024-02-10,60,,재상담예정,,
CS01937,C00479,C00479,U0073,U0073,안시윤,전화,2025-09-08,45,,거절,특약사항 확인 요청,
CS01938,C00293,C00293,U0032,U0032,안시윤,방문,2026-11-07,30,,재상담예정,현장 방문 예약,
CS01939,C00102,C00102,U0211,U0211,서주원,전화,2025-01-10,240,이상치(장시간),계약희망,잔금 일정 문의,
CS01940,C00392,C00392,U0023,U0023,안시윤,온라인,2025-11-16,,비정상(0이하),계약희망,계약금 조율 필요,
CS01941,C00095,C00095,U0101,U0101,서주원,전화,2024-10-22,30,,계약희망,층향 재문의,
CS01942,C00224,C00224,,U9911,임동현,방문,2024-06-12,,비정상(0이하),보류,타 단지와 비교 중,unit
CS01943,C00143,C00143,U0073,U0073,임동현,전화,2026-12-07,30,,계약희망,타 단지와 비교 중,
CS01944,C00426,C00426,U0061,U0061,서주원,SNS,2026-08-17,20,,거절,계약금 조율 필요,
CS01945,C00375,C00375,U0194,U0194,한지민,온라인,2025-07-13,30,,계약희망,가족과 상의 후 재연락,
CS01946,C00374,C00374,U0024,U0024,김서준,전화,2024-12-25,90,,보류,추가 자료 요청,
CS01947,C00560,C00560,,U9959,장은서,전화,2026-09-07,20,,재상담예정,전세 대비 비교 요청,unit
CS01948,C00108,C00108,U0175,U0175,한지민,온라인,2025-08-27,45,,계약희망,계약금 조율 필요,
CS01949,C00300,C00300,U0066,U0066,장채원,전화,2026-04-26,240,이상치(장시간),거절,현장 방문 예약,
CS01950,C00307,C00307,U0037,U0037,장채원,전화,2025-01-05,90,,계약희망,현장 방문 예약,
CS01951,C00144,C00144,U0151,U0151,서주원,방문,2025-11-26,,비정상(0이하),계약희망,타 단지와 비교 중,
CS01952,C00021,C00021,U0203,U0203,한지민,전화,2026-11-21,20,,보류,타 단지와 비교 중,
CS01953,C00165,C00165,U0054,U0054,전동현,전화,2026-09-25,45,,계약희망,가족과 상의 후 재연락,
CS01954,C00167,C00167,U0078,U0078,임동현,전화,2026-06-16,,비정상(0이하),거절,특약사항 확인 요청,
CS01955,C00466,C00466,U0205,U0205,김서준,전화,2025-11-25,,비정상(0이하),재상담예정,층향 재문의,
CS01956,C00551,C00551,U0001,U0001,김서준,방문,2025-06-03,20,,거절,,
CS01957,C00197,C00197,U0068,U0068,전동현,전화,2025-04-06,,비정상(0이하),거절,현장 방문 예약,
CS01958,C00584,C00584,U0065,U0065,홍태윤,방문,2024-01-02,45,,계약희망,현장 방문 예약,
CS01959,C00419,C00419,U0184,U0184,안시윤,방문,2025-03-02,30,,계약희망,전세 대비 비교 요청,
CS01960,C00424,C00424,,U9943,임동현,SNS,2025-06-21,15,,계약희망,특약사항 확인 요청,unit
CS01961,C00479,C00479,U0161,U0161,장채원,방문,2024-03-27,20,,재상담예정,추가 자료 요청,
CS01962,C00235,C00235,U0126,U0126,홍태윤,SNS,2026-12-02,45,,계약희망,현장 방문 예약,
CS01963,C00264,C00264,U0191,U0191,전동현,전화,2026-02-24,,비정상(0이하),보류,전세 대비 비교 요청,
CS01964,C00245,C00245,U0090,U0090,안시윤,전화,2026-05-19,90,,보류,계약금 조율 필요,
CS01965,C00170,C00170,U0090,U0090,임동현,전화,2025-02-04,45,,계약희망,가족과 상의 후 재연락,
CS01966,C00257,C00257,U0002,U0002,서주원,SNS,2025-12-24,60,,계약희망,전세 대비 비교 요청,
CS01967,C00137,C00137,U0036,U0036,안시윤,SNS,2026-10-15,45,,계약희망,잔금 일정 문의,
CS01968,C00079,C00079,U0214,U0214,홍태윤,방문,2025-04-03,240,이상치(장시간),계약희망,타 단지와 비교 중,
CS01969,C00082,C00082,U0090,U0090,김서준,방문,2024-03-08,30,,거절,특약사항 확인 요청,
CS01970,,C99781,U0038,U0038,김서준,방문,2025-06-11,20,,계약희망,,customer
CS01971,C00457,C00457,U0122,U0122,서주원,전화,2024-08-24,60,,재상담예정,층향 재문의,
CS01972,C00101,C00101,,U9959,조도윤,방문,2024-02-06,15,,재상담예정,추가 자료 요청,unit
CS01973,C00259,C00259,U0047,U0047,임동현,전화,2025-04-19,30,,거절,잔금 일정 문의,
CS01974,C00572,C00572,U0150,U0150,전동현,방문,2024-07-11,,비정상(0이하),보류,타 단지와 비교 중,
CS01975,C00001,C00001,U0059,U0059,김서준,전화,2025-03-13,45,,거절,추가 자료 요청,
CS01976,C00232,C00232,U0037,U0037,안시윤,전화,2025-02-28,15,,계약희망,특약사항 확인 요청,
CS01977,C00287,C00287,U0057,U0057,임동현,전화,2025-06-24,30,,계약희망,특약사항 확인 요청,
CS01978,C00407,C00407,U0095,U0095,전동현,전화,2024-08-23,10,,보류,계약금 조율 필요,
CS01979,C00008,C00008,U0166,U0166,장은서,전화,2025-01-27,45,,거절,추가 자료 요청,
CS01980,C00118,C00118,U0175,U0175,장은서,방문,2024-04-21,240,이상치(장시간),계약희망,특약사항 확인 요청,
CS01981,C00446,C00446,U0117,U0117,장채원,방문,2025-06-02,60,,보류,추가 자료 요청,
CS01982,C00265,C00265,U0196,U0196,장채원,방문,2024-11-12,60,,계약희망,층향 재문의,
CS01983,C00020,C00020,U0167,U0167,장은서,전화,2026-04-13,45,,거절,추가 자료 요청,
CS01984,C00016,C00016,U0090,U0090,홍태윤,전화,2026-05-28,60,,거절,계약금 조율 필요,
CS01985,C00174,C00174,U0219,U0219,한지민,전화,2025-06-01,240,이상치(장시간),재상담예정,층향 재문의,
CS01986,C00596,C00596,U0168,U0168,홍태윤,전화,2024-08-04,240,이상치(장시간),재상담예정,추가 자료 요청,
CS01987,C00046,C00046,U0112,U0112,장채원,SNS,2024-12-04,10,,계약희망,전세 대비 비교 요청,
CS01988,C00510,C00510,U0217,U0217,전동현,전화,2026-02-21,,비정상(0이하),보류,계약금 조율 필요,
CS01989,C00061,C00061,,U9985,장은서,방문,2026-12-17,,비정상(0이하),계약희망,대출 상담 필요,unit
CS01990,C00151,C00151,U0119,U0119,서주원,전화,2025-09-05,15,,계약희망,현장 방문 예약,
CS01991,C00464,C00464,U0126,U0126,김서준,방문,2026-06-20,60,,보류,타 단지와 비교 중,
CS01992,C00253,C00253,U0209,U0209,임동현,방문,2024-04-12,90,,계약희망,,
CS01993,C00390,C00390,U0012,U0012,한지민,전화,2025-02-14,,비정상(0이하),보류,특약사항 확인 요청,
CS01994,C00222,C00222,U0034,U0034,조도윤,방문,2025-12-16,45,,거절,계약금 조율 필요,
CS01995,C00542,C00542,U0096,U0096,조도윤,전화,2026-10-22,60,,거절,현장 방문 예약,
CS01996,C00056,C00056,U0121,U0121,서주원,SNS,2024-06-05,10,,거절,현장 방문 예약,
CS01997,C00358,C00358,U0098,U0098,김서준,SNS,2024-10-03,240,이상치(장시간),계약희망,가족과 상의 후 재연락,
CS01998,C00351,C00351,U0196,U0196,김서준,온라인,2026-04-02,60,,재상담예정,특약사항 확인 요청,
CS01999,C00030,C00030,U0216,U0216,홍태윤,전화,2025-12-06,10,,재상담예정,잔금 일정 문의,
CS02000,C00238,C00238,U0030,U0030,임동현,전화,2024-07-19,240,이상치(장시간),계약희망,계약금 조율 필요,
CS02001,C00047,C00047,U0043,U0043,장은서,방문,2024-10-08,15,,거절,가격 재문의,
CS02002,C00323,C00323,U0071,U0071,안시윤,전화,2025-06-27,10,,재상담예정,추가 자료 요청,
CS02003,C00180,C00180,U0145,U0145,한지민,SNS,2025-04-03,20,,거절,가족과 상의 후 재연락,
CS02004,C00057,C00057,U0179,U0179,전동현,온라인,2026-06-16,60,,재상담예정,타 단지와 비교 중,
CS02005,C00333,C00333,U0132,U0132,장은서,전화,2024-07-19,60,,보류,전세 대비 비교 요청,
CS02006,C00599,C00599,U0148,U0148,전동현,전화,2026-07-27,,비정상(0이하),재상담예정,전세 대비 비교 요청,
CS02007,C00309,C00309,U0149,U0149,전동현,방문,2025-05-26,15,,재상담예정,추가 자료 요청,
CS02008,C00415,C00415,U0160,U0160,전동현,방문,2025-10-05,15,,계약희망,층향 재문의,
CS02009,C00193,C00193,U0158,U0158,홍태윤,SNS,2026-11-04,30,,거절,가족과 상의 후 재연락,
CS02010,C00467,C00467,U0129,U0129,장은서,전화,2024-02-03,60,,거절,계약금 조율 필요,
CS02011,C00123,C00123,U0165,U0165,김서준,온라인,2025-05-27,20,,거절,특약사항 확인 요청,
CS02012,C00367,C00367,,U9922,김서준,온라인,2024-04-11,45,,계약희망,잔금 일정 문의,unit
CS02013,C00023,C00023,U0022,U0022,한지민,전화,2024-11-10,30,,계약희망,전세 대비 비교 요청,
CS02014,C00033,C00033,U0067,U0067,김서준,전화,2024-12-22,10,,보류,전세 대비 비교 요청,
CS02015,C00361,C00361,U0020,U0020,임동현,전화,2026-06-04,90,,계약희망,추가 자료 요청,
CS02016,,C99174,U0043,U0043,서주원,전화,2024-08-11,90,,계약희망,특약사항 확인 요청,customer
CS02017,C00088,C00088,U0213,U0213,임동현,SNS,2026-06-09,15,,재상담예정,현장 방문 예약,
CS02018,C00474,C00474,U0004,U0004,안시윤,전화,2025-10-26,15,,거절,층향 재문의,
CS02019,C00022,C00022,U0157,U0157,홍태윤,전화,2025-12-16,,비정상(0이하),보류,추가 자료 요청,
CS02020,C00268,C00268,U0044,U0044,한지민,온라인,2026-02-21,15,,계약희망,잔금 일정 문의,
CS02021,C00520,C00520,U0029,U0029,안시윤,전화,2024-04-27,,비정상(0이하),계약희망,가족과 상의 후 재연락,
CS02022,C00305,C00305,U0219,U0219,홍태윤,전화,2025-03-01,15,,계약희망,타 단지와 비교 중,
CS02023,C00130,C00130,U0130,U0130,조도윤,전화,2026-05-14,240,이상치(장시간),계약희망,잔금 일정 문의,
CS02024,C00171,C00171,U0139,U0139,김서준,방문,2024-10-04,30,,거절,전세 대비 비교 요청,
CS02025,C00505,C00505,U0080,U0080,안시윤,SNS,2026-11-19,15,,계약희망,층향 재문의,
CS02026,C00377,C00377,U0026,U0026,서주원,전화,2026-06-05,30,,계약희망,타 단지와 비교 중,
CS02027,C00473,C00473,U0140,U0140,홍태윤,전화,2026-01-24,20,,재상담예정,계약금 조율 필요,
CS02028,C00245,C00245,U0200,U0200,홍태윤,SNS,2024-06-08,45,,재상담예정,가격 재문의,
CS02029,C00014,C00014,U0008,U0008,장채원,방문,2024-10-24,30,,재상담예정,추가 자료 요청,
CS02030,C00105,C00105,U0078,U0078,장은서,온라인,2026-12-28,,비정상(0이하),거절,타 단지와 비교 중,
CS02031,C00501,C00501,,U9927,서주원,전화,2026-01-26,60,,계약희망,추가 자료 요청,unit
CS02032,C00398,C00398,U0038,U0038,홍태윤,전화,2025-03-12,45,,계약희망,현장 방문 예약,
CS02033,C00515,C00515,U0054,U0054,장채원,전화,2025-07-25,30,,보류,층향 재문의,
CS02034,C00497,C00497,U0044,U0044,임동현,온라인,2026-10-07,90,,재상담예정,층향 재문의,
CS02035,C00425,C00425,U0123,U0123,임동현,전화,2026-01-09,20,,재상담예정,,
CS02036,C00047,C00047,U0158,U0158,김서준,온라인,2026-04-03,15,,보류,특약사항 확인 요청,
CS02037,C00012,C00012,U0120,U0120,전동현,방문,2025-01-27,,비정상(0이하),계약희망,추가 자료 요청,
CS02038,C00512,C00512,U0199,U0199,장채원,전화,2026-05-22,240,이상치(장시간),재상담예정,현장 방문 예약,
CS02039,C00422,C00422,U0107,U0107,안시윤,전화,2024-04-18,10,,계약희망,잔금 일정 문의,
CS02040,C00436,C00436,U0044,U0044,서주원,SNS,2025-10-11,60,,보류,추가 자료 요청,
CS02041,C00079,C00079,U0157,U0157,임동현,전화,2025-02-19,90,,계약희망,가격 재문의,
CS02042,C00146,C00146,U0080,U0080,임동현,전화,2026-04-28,90,,계약희망,가격 재문의,
CS02043,C00052,C00052,U0065,U0065,임동현,전화,2024-08-05,20,,재상담예정,층향 재문의,
CS02044,C00260,C00260,U0011,U0011,조도윤,방문,2024-11-06,30,,재상담예정,대출 상담 필요,
CS02045,C00361,C00361,U0168,U0168,장은서,전화,2024-06-28,45,,계약희망,대출 상담 필요,
CS02046,C00005,C00005,U0082,U0082,임동현,방문,2025-04-25,,비정상(0이하),보류,가족과 상의 후 재연락,
CS02047,C00272,C00272,U0137,U0137,안시윤,전화,2024-04-02,90,,계약희망,가격 재문의,
CS02048,C00091,C00091,U0137,U0137,한지민,전화,2024-04-23,90,,계약희망,가격 재문의,
CS02049,C00223,C00223,U0040,U0040,서주원,방문,2026-05-01,,비정상(0이하),거절,현장 방문 예약,
CS02050,C00133,C00133,U0141,U0141,홍태윤,방문,2025-11-26,30,,계약희망,전세 대비 비교 요청,
CS02051,C00465,C00465,,U9985,한지민,방문,2024-01-09,30,,보류,잔금 일정 문의,unit
CS02052,C00590,C00590,U0012,U0012,한지민,전화,2024-01-26,10,,거절,대출 상담 필요,
CS02053,C00354,C00354,U0087,U0087,홍태윤,전화,2026-08-19,45,,보류,,
CS02054,C00058,C00058,U0153,U0153,서주원,방문,2025-12-15,20,,계약희망,추가 자료 요청,
CS02055,C00536,C00536,U0154,U0154,조도윤,방문,2026-10-18,,비정상(0이하),재상담예정,추가 자료 요청,
CS02056,C00163,C00163,U0017,U0017,홍태윤,SNS,2025-08-22,15,,계약희망,층향 재문의,
CS02057,C00549,C00549,U0117,U0117,장은서,SNS,2024-01-09,,비정상(0이하),계약희망,전세 대비 비교 요청,
CS02058,C00533,C00533,U0190,U0190,임동현,전화,2026-02-21,,비정상(0이하),계약희망,계약금 조율 필요,
CS02059,C00204,C00204,U0200,U0200,안시윤,방문,2026-01-08,15,,계약희망,특약사항 확인 요청,
CS02060,C00040,C00040,U0146,U0146,김서준,온라인,2026-11-11,30,,거절,전세 대비 비교 요청,
CS02061,C00156,C00156,U0150,U0150,한지민,전화,2024-11-19,60,,보류,층향 재문의,
CS02062,C00532,C00532,,U9906,안시윤,SNS,2026-08-21,15,,거절,타 단지와 비교 중,unit
CS02063,C00209,C00209,U0089,U0089,임동현,전화,2026-06-24,60,,계약희망,계약금 조율 필요,
CS02064,C00182,C00182,U0174,U0174,조도윤,온라인,2025-12-17,,비정상(0이하),보류,대출 상담 필요,
CS02065,C00514,C00514,U0117,U0117,전동현,전화,2026-11-01,45,,계약희망,대출 상담 필요,
CS02066,C00031,C00031,U0028,U0028,전동현,전화,2025-11-16,,비정상(0이하),거절,층향 재문의,
CS02067,C00202,C00202,U0021,U0021,홍태윤,전화,2025-05-05,90,,재상담예정,가격 재문의,
CS02068,C00140,C00140,U0107,U0107,장은서,방문,2024-01-04,,비정상(0이하),보류,가족과 상의 후 재연락,
CS02069,C00528,C00528,U0199,U0199,전동현,방문,2025-11-10,30,,재상담예정,,
CS02070,C00296,C00296,U0145,U0145,전동현,SNS,2025-11-09,240,이상치(장시간),계약희망,잔금 일정 문의,
CS02071,C00110,C00110,U0026,U0026,장채원,온라인,2025-10-20,,비정상(0이하),계약희망,타 단지와 비교 중,
CS02072,C00367,C00367,U0073,U0073,전동현,방문,2024-02-22,30,,거절,가족과 상의 후 재연락,
CS02073,C00262,C00262,U0209,U0209,서주원,방문,2025-12-13,60,,계약희망,대출 상담 필요,
CS02074,C00435,C00435,U0063,U0063,안시윤,전화,2025-05-07,20,,재상담예정,잔금 일정 문의,
CS02075,C00535,C00535,U0204,U0204,홍태윤,전화,2026-06-07,90,,보류,가족과 상의 후 재연락,
CS02076,C00413,C00413,U0087,U0087,전동현,온라인,2026-02-04,240,이상치(장시간),재상담예정,대출 상담 필요,
CS02077,C00228,C00228,U0167,U0167,홍태윤,방문,2024-01-12,20,,거절,잔금 일정 문의,
CS02078,C00362,C00362,U0109,U0109,임동현,전화,2025-11-08,60,,거절,현장 방문 예약,
CS02079,C00329,C00329,U0105,U0105,장채원,전화,2026-06-22,240,이상치(장시간),보류,현장 방문 예약,
CS02080,C00454,C00454,U0218,U0218,조도윤,온라인,2025-04-15,60,,보류,추가 자료 요청,
CS02081,C00218,C00218,U0137,U0137,전동현,온라인,2026-10-27,45,,보류,가족과 상의 후 재연락,
CS02082,C00063,C00063,U0152,U0152,안시윤,온라인,2025-09-02,30,,계약희망,특약사항 확인 요청,
CS02083,C00199,C00199,U0127,U0127,서주원,방문,2025-12-22,,비정상(0이하),거절,잔금 일정 문의,
CS02084,C00111,C00111,U0092,U0092,장은서,방문,2026-12-16,,비정상(0이하),거절,전세 대비 비교 요청,
CS02085,C00006,C00006,U0151,U0151,전동현,전화,2025-07-10,10,,계약희망,층향 재문의,
CS02086,C00500,C00500,U0140,U0140,안시윤,SNS,2026-11-15,60,,계약희망,가족과 상의 후 재연락,
CS02087,C00015,C00015,U0167,U0167,서주원,온라인,2026-07-01,240,이상치(장시간),계약희망,계약금 조율 필요,
CS02088,C00528,C00528,U0065,U0065,김서준,전화,2025-12-07,240,이상치(장시간),계약희망,전세 대비 비교 요청,
CS02089,C00219,C00219,U0209,U0209,전동현,방문,2026-12-09,,비정상(0이하),재상담예정,타 단지와 비교 중,
CS02090,C00409,C00409,U0204,U0204,김서준,전화,2025-05-07,15,,계약희망,,
CS02091,C00047,C00047,U0178,U0178,조도윤,전화,2025-04-22,240,이상치(장시간),보류,계약금 조율 필요,
CS02092,C00577,C00577,U0040,U0040,장채원,전화,2024-07-03,,비정상(0이하),거절,특약사항 확인 요청,
CS02093,C00464,C00464,U0192,U0192,조도윤,방문,2026-10-12,,비정상(0이하),보류,추가 자료 요청,
CS02094,C00069,C00069,U0074,U0074,조도윤,SNS,2026-03-15,15,,거절,가격 재문의,
CS02095,C00005,C00005,U0054,U0054,서주원,방문,2026-03-16,90,,거절,추가 자료 요청,
CS02096,C00384,C00384,U0071,U0071,안시윤,방문,2025-12-13,60,,재상담예정,가족과 상의 후 재연락,
CS02097,C00422,C00422,U0032,U0032,조도윤,온라인,2025-01-05,20,,거절,,
CS02098,C00186,C00186,U0044,U0044,김서준,방문,2026-12-05,,비정상(0이하),거절,타 단지와 비교 중,
CS02099,C00477,C00477,U0082,U0082,임동현,온라인,2024-04-27,,비정상(0이하),계약희망,가족과 상의 후 재연락,
CS02100,C00371,C00371,U0192,U0192,전동현,온라인,2024-06-04,10,,재상담예정,계약금 조율 필요,
CS02101,C00369,C00369,U0050,U0050,김서준,전화,2026-05-23,,비정상(0이하),거절,가족과 상의 후 재연락,
CS02102,C00537,C00537,U0092,U0092,전동현,SNS,2024-01-12,20,,보류,가격 재문의,
CS02103,C00575,C00575,U0014,U0014,임동현,방문,2024-04-15,,비정상(0이하),계약희망,계약금 조율 필요,
CS02104,C00072,C00072,U0071,U0071,전동현,온라인,2026-05-17,60,,재상담예정,,
CS02105,C00571,C00571,U0213,U0213,조도윤,전화,2024-09-05,90,,재상담예정,타 단지와 비교 중,
CS02106,,C99670,U0161,U0161,한지민,전화,2024-02-17,240,이상치(장시간),거절,전세 대비 비교 요청,customer
CS02107,C00082,C00082,U0034,U0034,장채원,방문,2024-06-26,240,이상치(장시간),계약희망,계약금 조율 필요,
CS02108,C00409,C00409,,U9921,조도윤,전화,2024-01-27,,비정상(0이하),계약희망,전세 대비 비교 요청,unit
CS02109,C00247,C00247,U0120,U0120,임동현,전화,2024-12-09,15,,계약희망,현장 방문 예약,
CS02110,C00115,C00115,U0133,U0133,안시윤,전화,2025-06-11,,비정상(0이하),계약희망,대출 상담 필요,
CS02111,C00131,C00131,U0076,U0076,김서준,전화,2025-03-08,90,,보류,계약금 조율 필요,
CS02112,C00127,C00127,U0087,U0087,전동현,전화,2024-05-25,20,,보류,,
CS02113,C00534,C00534,U0170,U0170,김서준,온라인,2024-11-23,45,,거절,,
CS02114,C00592,C00592,U0155,U0155,김서준,방문,2026-05-04,90,,계약희망,계약금 조율 필요,
CS02115,C00117,C00117,U0144,U0144,안시윤,전화,2026-07-19,,비정상(0이하),계약희망,대출 상담 필요,
CS02116,C00427,C00427,U0166,U0166,김서준,전화,2025-08-21,20,,계약희망,계약금 조율 필요,
CS02117,C00218,C00218,U0149,U0149,장은서,전화,2026-06-07,,비정상(0이하),거절,전세 대비 비교 요청,
CS02118,C00177,C00177,U0029,U0029,조도윤,온라인,2025-06-22,240,이상치(장시간),거절,가족과 상의 후 재연락,
CS02119,C00308,C00308,U0070,U0070,임동현,전화,2025-01-16,240,이상치(장시간),계약희망,계약금 조율 필요,
CS02120,C00571,C00571,U0149,U0149,전동현,SNS,2025-12-19,20,,보류,계약금 조율 필요,
CS02121,C00355,C00355,U0199,U0199,홍태윤,방문,2024-06-13,,비정상(0이하),계약희망,가격 재문의,
CS02122,C00004,C00004,U0118,U0118,서주원,전화,2026-06-26,240,이상치(장시간),거절,타 단지와 비교 중,
CS02123,C00033,C00033,,U9974,안시윤,방문,2026-12-28,10,,보류,현장 방문 예약,unit
CS02124,C00485,C00485,U0053,U0053,김서준,전화,2025-02-27,30,,보류,전세 대비 비교 요청,
CS02125,C00167,C00167,U0188,U0188,장은서,방문,2025-10-22,240,이상치(장시간),계약희망,추가 자료 요청,
CS02126,C00342,C00342,U0110,U0110,한지민,SNS,2025-05-13,15,,계약희망,가격 재문의,
CS02127,C00151,C00151,U0021,U0021,임동현,전화,2026-08-10,45,,계약희망,,
CS02128,C00041,C00041,U0180,U0180,장은서,전화,2024-02-12,,비정상(0이하),거절,잔금 일정 문의,
CS02129,C00504,C00504,U0112,U0112,장은서,전화,2026-03-10,,비정상(0이하),재상담예정,층향 재문의,
CS02130,C00194,C00194,U0161,U0161,조도윤,방문,2024-12-24,240,이상치(장시간),거절,,
CS02131,C00448,C00448,U0163,U0163,장채원,온라인,2024-12-08,240,이상치(장시간),계약희망,가격 재문의,
CS02132,C00136,C00136,U0032,U0032,한지민,전화,2024-11-23,10,,거절,특약사항 확인 요청,
CS02133,C00200,C00200,U0204,U0204,장은서,전화,2025-11-09,15,,거절,특약사항 확인 요청,
CS02134,C00089,C00089,U0215,U0215,안시윤,방문,2024-02-13,45,,재상담예정,,
CS02135,C00518,C00518,U0103,U0103,김서준,전화,2025-12-14,90,,재상담예정,가격 재문의,
CS02136,C00015,C00015,U0003,U0003,장채원,전화,2026-06-28,20,,거절,타 단지와 비교 중,
CS02137,C00525,C00525,U0016,U0016,조도윤,온라인,2026-09-17,,비정상(0이하),계약희망,계약금 조율 필요,
CS02138,C00078,C00078,U0077,U0077,서주원,전화,2024-03-01,90,,재상담예정,전세 대비 비교 요청,
CS02139,C00044,C00044,U0138,U0138,김서준,전화,2026-04-21,,비정상(0이하),재상담예정,타 단지와 비교 중,
CS02140,C00590,C00590,U0111,U0111,한지민,SNS,2024-04-06,15,,계약희망,추가 자료 요청,
CS02141,C00524,C00524,U0211,U0211,서주원,전화,2024-01-03,15,,재상담예정,특약사항 확인 요청,
CS02142,C00456,C00456,U0083,U0083,한지민,전화,2025-06-12,20,,계약희망,특약사항 확인 요청,
CS02143,C00062,C00062,U0106,U0106,임동현,전화,2025-06-15,,비정상(0이하),계약희망,층향 재문의,
CS02144,C00354,C00354,U0117,U0117,안시윤,전화,2024-11-08,60,,계약희망,현장 방문 예약,
CS02145,C00228,C00228,U0053,U0053,안시윤,전화,2026-12-26,240,이상치(장시간),계약희망,계약금 조율 필요,
CS02146,C00310,C00310,U0084,U0084,장채원,방문,2025-01-23,15,,재상담예정,타 단지와 비교 중,
CS02147,C00085,C00085,U0155,U0155,장채원,SNS,2025-07-23,20,,계약희망,잔금 일정 문의,
CS02148,C00183,C00183,U0093,U0093,김서준,방문,2025-10-15,30,,계약희망,가격 재문의,
CS02149,C00195,C00195,U0002,U0002,장채원,전화,2025-02-20,10,,보류,가격 재문의,
CS02150,C00147,C00147,U0170,U0170,서주원,전화,2024-03-04,60,,거절,추가 자료 요청,
CS02151,C00279,C00279,U0079,U0079,홍태윤,전화,2026-05-14,20,,재상담예정,현장 방문 예약,
CS02152,C00471,C00471,U0061,U0061,홍태윤,전화,2026-06-02,,비정상(0이하),재상담예정,타 단지와 비교 중,
CS02153,C00231,C00231,U0138,U0138,장은서,전화,2025-01-08,10,,계약희망,층향 재문의,
CS02154,C00367,C00367,U0071,U0071,한지민,SNS,2024-03-10,,비정상(0이하),거절,가격 재문의,
CS02155,C00101,C00101,U0004,U0004,홍태윤,전화,2026-10-07,30,,계약희망,전세 대비 비교 요청,
CS02156,,C99271,,U9925,장은서,방문,2024-01-20,10,,보류,가족과 상의 후 재연락,"customer,unit"
CS02157,C00349,C00349,U0062,U0062,장은서,전화,2024-08-16,30,,거절,계약금 조율 필요,
CS02158,C00284,C00284,U0033,U0033,한지민,방문,2025-04-11,60,,계약희망,타 단지와 비교 중,
CS02159,C00410,C00410,U0028,U0028,장채원,온라인,2026-04-19,30,,보류,계약금 조율 필요,
CS02160,C00130,C00130,U0018,U0018,임동현,SNS,2026-02-07,45,,재상담예정,타 단지와 비교 중,
CS02161,C00203,C00203,U0190,U0190,홍태윤,전화,2026-11-11,,비정상(0이하),재상담예정,가족과 상의 후 재연락,
CS02162,C00032,C00032,U0214,U0214,전동현,SNS,2024-10-28,240,이상치(장시간),계약희망,추가 자료 요청,
CS02163,C00277,C00277,U0114,U0114,안시윤,방문,2024-10-23,60,,계약희망,잔금 일정 문의,
CS02164,C00489,C00489,U0190,U0190,김서준,전화,2026-03-06,10,,계약희망,가격 재문의,
CS02165,C00348,C00348,U0049,U0049,한지민,SNS,2024-07-09,45,,계약희망,현장 방문 예약,
CS02166,C00538,C00538,U0038,U0038,장은서,온라인,2026-01-21,10,,재상담예정,추가 자료 요청,
CS02167,C00455,C00455,U0041,U0041,조도윤,전화,2024-11-17,,비정상(0이하),계약희망,가격 재문의,
CS02168,C00024,C00024,U0049,U0049,전동현,전화,2025-04-02,10,,재상담예정,가족과 상의 후 재연락,
CS02169,C00478,C00478,U0188,U0188,한지민,전화,2026-08-15,60,,재상담예정,대출 상담 필요,
CS02170,C00212,C00212,U0169,U0169,한지민,전화,2025-11-01,30,,보류,가족과 상의 후 재연락,
CS02171,C00299,C00299,U0210,U0210,한지민,방문,2026-11-14,,비정상(0이하),재상담예정,추가 자료 요청,
CS02172,C00392,C00392,U0120,U0120,조도윤,전화,2024-06-25,15,,재상담예정,현장 방문 예약,
CS02173,C00011,C00011,U0092,U0092,안시윤,전화,2026-06-19,90,,보류,추가 자료 요청,
CS02174,C00226,C00226,U0081,U0081,조도윤,전화,2026-07-24,45,,계약희망,가격 재문의,
CS02175,C00332,C00332,U0033,U0033,장은서,전화,2026-05-11,60,,보류,계약금 조율 필요,
CS02176,C00244,C00244,U0102,U0102,김서준,전화,2025-02-10,20,,계약희망,계약금 조율 필요,
CS02177,C00600,C00600,U0057,U0057,홍태윤,방문,2024-03-19,,비정상(0이하),거절,,
CS02178,C00258,C00258,U0172,U0172,전동현,방문,2024-03-20,60,,거절,전세 대비 비교 요청,
CS02179,C00048,C00048,U0143,U0143,안시윤,SNS,2025-07-22,240,이상치(장시간),계약희망,계약금 조율 필요,
CS02180,C00196,C00196,U0169,U0169,장채원,전화,2025-08-13,,비정상(0이하),계약희망,타 단지와 비교 중,
CS02181,C00178,C00178,U0111,U0111,임동현,전화,2025-10-10,,비정상(0이하),계약희망,,
CS02182,C00149,C00149,U0054,U0054,전동현,전화,2026-03-22,60,,보류,특약사항 확인 요청,
CS02183,C00202,C00202,U0123,U0123,임동현,온라인,2025-07-19,20,,보류,계약금 조율 필요,
CS02184,C00323,C00323,U0078,U0078,홍태윤,방문,2025-09-27,240,이상치(장시간),거절,계약금 조율 필요,
CS02185,C00544,C00544,U0173,U0173,김서준,전화,2025-11-09,90,,계약희망,잔금 일정 문의,
CS02186,C00259,C00259,U0099,U0099,김서준,온라인,2024-07-28,,비정상(0이하),계약희망,현장 방문 예약,
CS02187,C00375,C00375,U0121,U0121,장채원,전화,2026-03-09,45,,보류,,
CS02188,C00118,C00118,U0134,U0134,서주원,SNS,2026-12-11,90,,거절,가격 재문의,
CS02189,C00155,C00155,U0059,U0059,조도윤,전화,2024-02-18,30,,보류,잔금 일정 문의,
CS02190,C00192,C00192,U0018,U0018,장채원,SNS,2026-04-16,,비정상(0이하),계약희망,층향 재문의,
CS02191,C00426,C00426,U0173,U0173,임동현,방문,2024-01-03,90,,거절,타 단지와 비교 중,
CS02192,,C99156,U0062,U0062,임동현,SNS,2025-03-07,15,,재상담예정,,customer
CS02193,C00471,C00471,U0075,U0075,홍태윤,방문,2026-09-06,15,,계약희망,층향 재문의,
CS02194,C00071,C00071,U0124,U0124,장채원,전화,2024-03-20,60,,보류,대출 상담 필요,
CS02195,C00178,C00178,U0082,U0082,전동현,전화,2026-12-23,10,,계약희망,,
CS02196,C00598,C00598,U0097,U0097,조도윤,SNS,2024-03-10,45,,보류,층향 재문의,
CS02197,C00468,C00468,U0019,U0019,장채원,방문,2026-08-10,90,,계약희망,추가 자료 요청,
CS02198,C00004,C00004,U0035,U0035,전동현,전화,2026-03-02,45,,계약희망,가격 재문의,
CS02199,C00193,C00193,U0052,U0052,홍태윤,SNS,2026-10-21,15,,계약희망,가격 재문의,
CS02200,C00504,C00504,U0182,U0182,임동현,온라인,2025-12-03,,비정상(0이하),거절,타 단지와 비교 중,
CS02201,C00542,C00542,U0093,U0093,서주원,방문,2024-03-03,30,,계약희망,특약사항 확인 요청,
CS02202,C00440,C00440,U0191,U0191,서주원,방문,2025-08-22,10,,계약희망,대출 상담 필요,
CS02203,C00320,C00320,U0120,U0120,장채원,전화,2026-09-14,20,,거절,가족과 상의 후 재연락,
CS02204,C00107,C00107,U0066,U0066,홍태윤,온라인,2025-08-08,10,,거절,대출 상담 필요,
CS02205,C00180,C00180,U0087,U0087,안시윤,SNS,2024-05-22,10,,거절,대출 상담 필요,
CS02206,C00455,C00455,U0008,U0008,조도윤,전화,2025-01-17,45,,재상담예정,계약금 조율 필요,
CS02207,C00079,C00079,U0201,U0201,장은서,전화,2025-07-15,240,이상치(장시간),계약희망,,
CS02208,C00484,C00484,U0167,U0167,안시윤,SNS,2025-11-10,10,,계약희망,대출 상담 필요,
CS02209,C00579,C00579,U0114,U0114,홍태윤,온라인,2026-10-15,30,,계약희망,추가 자료 요청,
CS02210,C00038,C00038,,U9913,한지민,전화,2024-03-03,30,,보류,현장 방문 예약,unit
CS02211,C00310,C00310,U0159,U0159,전동현,전화,2025-01-06,45,,계약희망,,
CS02212,C00192,C00192,U0213,U0213,장은서,전화,2025-02-24,15,,거절,층향 재문의,
CS02213,C00297,C00297,U0220,U0220,임동현,방문,2025-09-18,90,,계약희망,계약금 조율 필요,
CS02214,,C99649,U0077,U0077,서주원,전화,2024-04-18,,비정상(0이하),계약희망,잔금 일정 문의,customer
CS02215,C00052,C00052,U0128,U0128,서주원,전화,2025-08-15,90,,재상담예정,추가 자료 요청,
CS02216,C00535,C00535,U0010,U0010,안시윤,방문,2024-08-14,45,,재상담예정,계약금 조율 필요,
CS02217,C00264,C00264,U0040,U0040,임동현,전화,2026-01-09,60,,보류,계약금 조율 필요,
CS02218,C00158,C00158,U0083,U0083,안시윤,온라인,2026-03-02,240,이상치(장시간),계약희망,전세 대비 비교 요청,
CS02219,C00417,C00417,U0061,U0061,홍태윤,SNS,2026-08-06,,비정상(0이하),거절,추가 자료 요청,
CS02220,C00203,C00203,,U9989,임동현,전화,2025-01-27,240,이상치(장시간),보류,추가 자료 요청,unit
CS02221,C00485,C00485,U0079,U0079,홍태윤,방문,2025-09-10,45,,보류,특약사항 확인 요청,
CS02222,C00404,C00404,U0089,U0089,조도윤,전화,2024-10-03,,비정상(0이하),재상담예정,타 단지와 비교 중,
CS02223,C00543,C00543,U0086,U0086,전동현,전화,2024-04-28,45,,계약희망,대출 상담 필요,
CS02224,C00051,C00051,U0063,U0063,서주원,전화,2024-02-09,20,,보류,잔금 일정 문의,
CS02225,C00135,C00135,U0107,U0107,홍태윤,SNS,2024-09-18,90,,계약희망,잔금 일정 문의,
CS02226,C00348,C00348,U0093,U0093,임동현,전화,2024-12-21,45,,보류,대출 상담 필요,
CS02227,C00068,C00068,U0087,U0087,안시윤,방문,2026-05-10,240,이상치(장시간),보류,대출 상담 필요,
CS02228,C00412,C00412,U0184,U0184,조도윤,방문,2026-05-13,30,,계약희망,타 단지와 비교 중,
CS02229,C00218,C00218,U0105,U0105,한지민,전화,2025-11-20,20,,계약희망,전세 대비 비교 요청,
CS02230,C00103,C00103,U0045,U0045,장채원,방문,2026-04-11,30,,계약희망,대출 상담 필요,
CS02231,C00474,C00474,U0001,U0001,서주원,SNS,2025-02-09,60,,재상담예정,전세 대비 비교 요청,
CS02232,C00544,C00544,U0061,U0061,안시윤,SNS,2025-09-06,45,,계약희망,추가 자료 요청,
CS02233,C00520,C00520,U0065,U0065,조도윤,전화,2025-04-24,,비정상(0이하),거절,가족과 상의 후 재연락,
CS02234,C00359,C00359,U0163,U0163,김서준,전화,2025-11-14,10,,계약희망,현장 방문 예약,
CS02235,C00379,C00379,U0097,U0097,장은서,전화,2026-11-14,30,,보류,대출 상담 필요,
CS02236,C00574,C00574,U0154,U0154,전동현,전화,2026-01-13,60,,재상담예정,대출 상담 필요,
CS02237,C00057,C00057,U0027,U0027,임동현,방문,2024-06-01,20,,계약희망,잔금 일정 문의,
CS02238,C00165,C00165,U0124,U0124,임동현,온라인,2026-09-14,,비정상(0이하),계약희망,층향 재문의,
CS02239,C00423,C00423,U0068,U0068,안시윤,전화,2026-09-10,20,,계약희망,현장 방문 예약,
CS02240,C00446,C00446,U0209,U0209,전동현,전화,2025-09-09,20,,거절,대출 상담 필요,
CS02241,C00151,C00151,U0035,U0035,장은서,온라인,2024-11-16,30,,재상담예정,대출 상담 필요,
CS02242,C00012,C00012,U0044,U0044,한지민,방문,2025-12-20,240,이상치(장시간),재상담예정,추가 자료 요청,
CS02243,C00172,C00172,U0193,U0193,장채원,SNS,2026-10-17,20,,재상담예정,계약금 조율 필요,
CS02244,C00487,C00487,U0211,U0211,김서준,전화,2026-04-13,,비정상(0이하),계약희망,가격 재문의,
CS02245,C00335,C00335,U0155,U0155,전동현,전화,2026-09-04,60,,보류,전세 대비 비교 요청,
CS02246,C00375,C00375,U0088,U0088,조도윤,전화,2025-12-01,20,,재상담예정,전세 대비 비교 요청,
CS02247,C00205,C00205,U0109,U0109,한지민,방문,2026-07-07,60,,재상담예정,가격 재문의,
CS02248,C00241,C00241,U0021,U0021,한지민,온라인,2024-01-03,,비정상(0이하),보류,현장 방문 예약,
CS02249,C00178,C00178,U0074,U0074,한지민,전화,2026-01-26,20,,계약희망,층향 재문의,
CS02250,C00236,C00236,U0156,U0156,안시윤,온라인,2025-07-12,30,,보류,계약금 조율 필요,
CS02251,C00124,C00124,U0152,U0152,안시윤,방문,2025-12-14,60,,재상담예정,잔금 일정 문의,
CS02252,C00470,C00470,U0205,U0205,서주원,온라인,2026-12-05,60,,계약희망,잔금 일정 문의,
CS02253,C00200,C00200,U0152,U0152,안시윤,온라인,2024-02-22,,비정상(0이하),재상담예정,전세 대비 비교 요청,
CS02254,C00414,C00414,U0145,U0145,장채원,전화,2025-06-06,30,,계약희망,전세 대비 비교 요청,
CS02255,C00482,C00482,U0016,U0016,전동현,방문,2026-09-11,45,,거절,대출 상담 필요,
CS02256,C00093,C00093,U0022,U0022,안시윤,방문,2025-03-14,240,이상치(장시간),보류,추가 자료 요청,
CS02257,C00171,C00171,U0182,U0182,김서준,SNS,2026-10-28,,비정상(0이하),계약희망,잔금 일정 문의,
CS02258,C00089,C00089,U0034,U0034,전동현,전화,2026-03-01,45,,보류,가족과 상의 후 재연락,
CS02259,C00106,C00106,U0020,U0020,임동현,방문,2026-08-17,,비정상(0이하),재상담예정,특약사항 확인 요청,
CS02260,C00217,C00217,U0049,U0049,서주원,방문,2026-09-02,45,,재상담예정,가격 재문의,
CS02261,C00246,C00246,U0213,U0213,안시윤,전화,2026-04-02,,비정상(0이하),계약희망,,
CS02262,C00187,C00187,U0168,U0168,전동현,SNS,2025-01-22,20,,계약희망,층향 재문의,
CS02263,C00094,C00094,U0176,U0176,장은서,전화,2024-10-08,90,,재상담예정,계약금 조율 필요,
CS02264,C00345,C00345,U0107,U0107,안시윤,전화,2025-07-10,60,,계약희망,가족과 상의 후 재연락,
CS02265,C00422,C00422,U0130,U0130,안시윤,방문,2025-12-09,30,,보류,현장 방문 예약,
CS02266,C00218,C00218,U0081,U0081,홍태윤,SNS,2024-01-18,240,이상치(장시간),보류,,
CS02267,C00273,C00273,U0174,U0174,안시윤,전화,2024-05-21,,비정상(0이하),계약희망,계약금 조율 필요,
CS02268,C00050,C00050,,U9917,한지민,방문,2025-01-13,,비정상(0이하),계약희망,추가 자료 요청,unit
CS02269,C00453,C00453,U0130,U0130,조도윤,SNS,2024-02-14,45,,거절,,
CS02270,C00262,C00262,U0214,U0214,장채원,전화,2025-04-02,20,,거절,계약금 조율 필요,
CS02271,C00596,C00596,U0171,U0171,조도윤,SNS,2024-12-26,60,,계약희망,타 단지와 비교 중,
CS02272,C00504,C00504,U0138,U0138,장채원,전화,2026-10-03,240,이상치(장시간),거절,대출 상담 필요,
CS02273,C00317,C00317,U0086,U0086,한지민,전화,2024-12-23,240,이상치(장시간),재상담예정,,
CS02274,C00187,C00187,U0111,U0111,전동현,전화,2025-03-08,240,이상치(장시간),거절,타 단지와 비교 중,
CS02275,C00131,C00131,U0219,U0219,안시윤,전화,2025-08-18,60,,계약희망,대출 상담 필요,
CS02276,C00509,C00509,U0196,U0196,서주원,전화,2026-06-25,10,,계약희망,추가 자료 요청,
CS02277,C00150,C00150,U0059,U0059,홍태윤,전화,2024-11-11,10,,거절,,
CS02278,C00319,C00319,U0183,U0183,김서준,전화,2026-08-08,45,,계약희망,현장 방문 예약,
CS02279,C00287,C00287,,U9962,김서준,전화,2026-10-05,15,,거절,타 단지와 비교 중,unit
CS02280,C00101,C00101,U0166,U0166,홍태윤,전화,2026-12-22,30,,계약희망,특약사항 확인 요청,
CS02281,C00195,C00195,U0175,U0175,안시윤,전화,2025-09-17,15,,계약희망,추가 자료 요청,
CS02282,C00161,C00161,U0107,U0107,장채원,전화,2024-07-14,,비정상(0이하),계약희망,가족과 상의 후 재연락,
CS02283,C00326,C00326,U0062,U0062,장채원,전화,2025-11-01,60,,재상담예정,대출 상담 필요,
CS02284,C00429,C00429,U0151,U0151,안시윤,방문,2024-03-05,45,,거절,현장 방문 예약,
CS02285,C00441,C00441,U0152,U0152,장채원,방문,2024-11-23,90,,거절,층향 재문의,
CS02286,C00395,C00395,U0142,U0142,장채원,전화,2025-10-25,,비정상(0이하),계약희망,전세 대비 비교 요청,
CS02287,C00027,C00027,U0015,U0015,임동현,전화,2025-11-02,45,,보류,타 단지와 비교 중,
CS02288,C00063,C00063,U0188,U0188,서주원,온라인,2025-03-08,10,,재상담예정,전세 대비 비교 요청,
CS02289,C00151,C00151,U0100,U0100,조도윤,전화,2024-10-03,240,이상치(장시간),계약희망,층향 재문의,
CS02290,C00372,C00372,U0058,U0058,홍태윤,SNS,2024-07-26,20,,거절,현장 방문 예약,
CS02291,C00114,C00114,U0189,U0189,한지민,온라인,2025-06-13,240,이상치(장시간),계약희망,잔금 일정 문의,
CS02292,,C99305,U0003,U0003,장은서,SNS,2026-01-07,20,,거절,층향 재문의,customer
CS02293,C00191,C00191,U0078,U0078,홍태윤,SNS,2025-04-24,60,,재상담예정,대출 상담 필요,
CS02294,C00569,C00569,U0177,U0177,전동현,전화,2024-04-27,,비정상(0이하),계약희망,특약사항 확인 요청,
CS02295,C00548,C00548,U0106,U0106,임동현,방문,2026-02-18,60,,계약희망,,
CS02296,C00362,C00362,U0021,U0021,김서준,전화,2026-01-26,30,,보류,현장 방문 예약,
CS02297,C00482,C00482,U0045,U0045,안시윤,전화,2026-04-06,90,,보류,가족과 상의 후 재연락,
CS02298,C00233,C00233,U0184,U0184,임동현,방문,2026-10-09,10,,거절,,
CS02299,C00214,C00214,U0028,U0028,홍태윤,방문,2024-12-09,60,,거절,현장 방문 예약,
CS02300,C00563,C00563,U0150,U0150,안시윤,전화,2024-12-08,10,,계약희망,가격 재문의,
CS02301,C00178,C00178,U0033,U0033,장채원,전화,2025-06-05,45,,계약희망,대출 상담 필요,
CS02302,C00455,C00455,U0205,U0205,홍태윤,전화,2026-04-17,,비정상(0이하),계약희망,특약사항 확인 요청,
CS02303,C00353,C00353,U0120,U0120,임동현,전화,2025-05-19,15,,재상담예정,특약사항 확인 요청,
CS02304,C00420,C00420,U0089,U0089,서주원,전화,2024-03-23,90,,계약희망,,
CS02305,C00568,C00568,U0034,U0034,임동현,전화,2026-05-19,45,,거절,계약금 조율 필요,
CS02306,C00238,C00238,U0105,U0105,조도윤,전화,2024-12-08,,비정상(0이하),거절,가격 재문의,
CS02307,C00054,C00054,U0150,U0150,김서준,방문,2026-06-20,60,,보류,가족과 상의 후 재연락,
CS02308,C00332,C00332,U0190,U0190,김서준,전화,2025-10-25,30,,계약희망,잔금 일정 문의,
CS02309,C00298,C00298,U0118,U0118,임동현,전화,2025-02-18,60,,재상담예정,층향 재문의,
CS02310,C00122,C00122,U0113,U0113,임동현,방문,2026-03-01,30,,보류,가격 재문의,
CS02311,C00358,C00358,U0102,U0102,전동현,SNS,2025-04-15,20,,보류,잔금 일정 문의,
CS02312,C00422,C00422,U0097,U0097,장채원,전화,2025-01-15,15,,거절,계약금 조율 필요,
CS02313,C00366,C00366,U0217,U0217,안시윤,전화,2025-08-16,10,,재상담예정,가족과 상의 후 재연락,
CS02314,C00434,C00434,U0101,U0101,한지민,전화,2026-01-19,60,,계약희망,계약금 조율 필요,
CS02315,C00076,C00076,U0013,U0013,서주원,전화,2026-09-14,,비정상(0이하),거절,가족과 상의 후 재연락,
CS02316,C00049,C00049,U0151,U0151,한지민,방문,2025-07-05,60,,계약희망,,
CS02317,C00198,C00198,U0133,U0133,김서준,방문,2024-02-25,45,,계약희망,계약금 조율 필요,
CS02318,C00434,C00434,U0019,U0019,임동현,전화,2026-01-02,,비정상(0이하),재상담예정,추가 자료 요청,
CS02319,C00030,C00030,U0187,U0187,임동현,전화,2024-07-25,240,이상치(장시간),거절,대출 상담 필요,
CS02320,C00556,C00556,U0136,U0136,조도윤,SNS,2026-07-16,15,,계약희망,특약사항 확인 요청,
CS02321,C00187,C00187,U0170,U0170,안시윤,방문,2025-11-26,20,,계약희망,가족과 상의 후 재연락,
CS02322,C00327,C00327,,U9937,서주원,온라인,2024-11-19,45,,재상담예정,전세 대비 비교 요청,unit
CS02323,C00218,C00218,U0151,U0151,임동현,방문,2026-04-25,20,,재상담예정,현장 방문 예약,
CS02324,C00099,C00099,U0162,U0162,안시윤,방문,2024-12-17,240,이상치(장시간),거절,가격 재문의,
CS02325,C00177,C00177,U0210,U0210,한지민,전화,2026-04-18,,비정상(0이하),보류,가격 재문의,
CS02326,C00424,C00424,U0051,U0051,임동현,방문,2024-12-25,240,이상치(장시간),보류,현장 방문 예약,
CS02327,C00279,C00279,U0043,U0043,조도윤,방문,2025-02-12,45,,계약희망,가족과 상의 후 재연락,
CS02328,C00019,C00019,U0027,U0027,안시윤,방문,2025-09-14,10,,재상담예정,계약금 조율 필요,
CS02329,C00115,C00115,U0035,U0035,홍태윤,전화,2026-09-18,240,이상치(장시간),계약희망,타 단지와 비교 중,
CS02330,C00128,C00128,U0114,U0114,조도윤,온라인,2025-05-02,60,,보류,현장 방문 예약,
CS02331,C00434,C00434,U0126,U0126,한지민,방문,2024-10-28,20,,보류,현장 방문 예약,
CS02332,C00530,C00530,U0120,U0120,장은서,전화,2025-05-19,90,,계약희망,추가 자료 요청,
CS02333,C00546,C00546,U0116,U0116,한지민,온라인,2024-06-15,45,,거절,타 단지와 비교 중,
CS02334,C00200,C00200,U0155,U0155,안시윤,방문,2024-12-04,,비정상(0이하),계약희망,대출 상담 필요,
CS02335,C00311,C00311,U0122,U0122,서주원,전화,2024-09-28,60,,거절,추가 자료 요청,
CS02336,C00326,C00326,U0010,U0010,전동현,SNS,2024-11-14,,비정상(0이하),보류,대출 상담 필요,
CS02337,C00439,C00439,U0112,U0112,안시윤,전화,2024-03-25,,비정상(0이하),거절,추가 자료 요청,
CS02338,C00145,C00145,U0177,U0177,임동현,전화,2024-09-19,20,,거절,타 단지와 비교 중,
CS02339,C00503,C00503,U0116,U0116,장은서,온라인,2024-06-28,60,,계약희망,층향 재문의,
CS02340,C00269,C00269,U0052,U0052,장은서,방문,2025-11-24,20,,계약희망,추가 자료 요청,
CS02341,C00006,C00006,U0184,U0184,장은서,전화,2026-11-13,240,이상치(장시간),보류,가족과 상의 후 재연락,
CS02342,C00205,C00205,U0054,U0054,조도윤,방문,2025-11-09,,비정상(0이하),보류,현장 방문 예약,
CS02343,C00421,C00421,U0049,U0049,한지민,방문,2026-03-06,240,이상치(장시간),보류,추가 자료 요청,
CS02344,C00019,C00019,U0193,U0193,장채원,전화,2025-03-12,30,,계약희망,층향 재문의,
CS02345,C00409,C00409,U0095,U0095,조도윤,SNS,2026-10-06,60,,계약희망,가족과 상의 후 재연락,
CS02346,C00063,C00063,U0008,U0008,장은서,SNS,2024-09-05,90,,거절,전세 대비 비교 요청,
CS02347,C00026,C00026,U0115,U0115,서주원,전화,2026-07-12,,비정상(0이하),계약희망,전세 대비 비교 요청,
CS02348,C00172,C00172,U0024,U0024,김서준,온라인,2026-06-02,,비정상(0이하),재상담예정,층향 재문의,
CS02349,C00532,C00532,U0161,U0161,조도윤,온라인,2025-07-02,,비정상(0이하),보류,특약사항 확인 요청,
CS02350,C00431,C00431,U0134,U0134,장은서,SNS,2026-11-10,90,,계약희망,현장 방문 예약,
CS02351,C00307,C00307,U0219,U0219,홍태윤,전화,2025-01-04,,비정상(0이하),보류,층향 재문의,
CS02352,C00173,C00173,U0054,U0054,조도윤,전화,2025-05-20,10,,재상담예정,잔금 일정 문의,
CS02353,C00364,C00364,U0024,U0024,전동현,SNS,2024-05-28,30,,계약희망,추가 자료 요청,
CS02354,C00287,C00287,U0061,U0061,조도윤,전화,2025-03-25,20,,거절,잔금 일정 문의,
CS02355,C00529,C00529,U0001,U0001,홍태윤,온라인,2025-08-20,90,,거절,대출 상담 필요,
CS02356,C00139,C00139,U0131,U0131,김서준,전화,2025-02-02,90,,계약희망,타 단지와 비교 중,
CS02357,C00410,C00410,U0076,U0076,한지민,전화,2024-11-04,,비정상(0이하),계약희망,대출 상담 필요,
CS02358,C00502,C00502,U0035,U0035,김서준,방문,2025-02-01,90,,거절,특약사항 확인 요청,
CS02359,C00114,C00114,U0057,U0057,전동현,온라인,2024-02-14,60,,거절,타 단지와 비교 중,
CS02360,C00261,C00261,U0147,U0147,장은서,방문,2025-12-09,10,,계약희망,,
CS02361,C00138,C00138,U0158,U0158,안시윤,전화,2024-03-08,10,,재상담예정,계약금 조율 필요,
CS02362,C00049,C00049,U0087,U0087,장은서,방문,2024-11-07,15,,계약희망,특약사항 확인 요청,
CS02363,C00043,C00043,U0208,U0208,한지민,온라인,2026-09-23,20,,계약희망,,
CS02364,C00461,C00461,U0202,U0202,홍태윤,방문,2024-09-19,60,,재상담예정,층향 재문의,
CS02365,C00580,C00580,U0209,U0209,전동현,전화,2026-07-06,60,,재상담예정,추가 자료 요청,
CS02366,C00110,C00110,U0035,U0035,한지민,SNS,2026-02-08,240,이상치(장시간),보류,특약사항 확인 요청,
CS02367,C00070,C00070,U0044,U0044,임동현,SNS,2026-07-27,20,,거절,잔금 일정 문의,
CS02368,C00359,C00359,U0174,U0174,한지민,SNS,2025-11-13,60,,계약희망,잔금 일정 문의,
CS02369,C00104,C00104,U0144,U0144,임동현,전화,2026-09-01,30,,거절,대출 상담 필요,
CS02370,C00113,C00113,U0168,U0168,조도윤,전화,2024-10-21,10,,거절,가격 재문의,
CS02371,C00309,C00309,U0131,U0131,전동현,전화,2026-02-11,240,이상치(장시간),보류,계약금 조율 필요,
CS02372,C00101,C00101,U0016,U0016,장은서,SNS,2025-05-10,45,,계약희망,계약금 조율 필요,
CS02373,C00036,C00036,U0065,U0065,안시윤,전화,2024-01-07,45,,계약희망,추가 자료 요청,
CS02374,C00240,C00240,U0136,U0136,장은서,전화,2026-08-25,30,,계약희망,현장 방문 예약,
CS02375,C00324,C00324,U0002,U0002,한지민,방문,2024-07-13,10,,보류,가격 재문의,
CS02376,C00512,C00512,U0001,U0001,홍태윤,전화,2026-10-07,,비정상(0이하),보류,층향 재문의,
CS02377,C00189,C00189,U0002,U0002,서주원,전화,2026-04-25,60,,계약희망,추가 자료 요청,
CS02378,C00349,C00349,U0113,U0113,한지민,전화,2026-07-14,,비정상(0이하),계약희망,현장 방문 예약,
CS02379,C00352,C00352,U0134,U0134,서주원,SNS,2025-03-09,,비정상(0이하),재상담예정,현장 방문 예약,
CS02380,C00144,C00144,U0213,U0213,임동현,전화,2026-04-25,240,이상치(장시간),거절,가족과 상의 후 재연락,
CS02381,C00259,C00259,U0190,U0190,안시윤,SNS,2025-01-17,,비정상(0이하),재상담예정,가족과 상의 후 재연락,
CS02382,C00440,C00440,U0008,U0008,장은서,전화,2025-10-26,240,이상치(장시간),거절,잔금 일정 문의,
CS02383,C00552,C00552,U0168,U0168,장채원,전화,2025-01-09,240,이상치(장시간),재상담예정,계약금 조율 필요,
CS02384,C00310,C00310,U0080,U0080,장은서,SNS,2025-06-19,,비정상(0이하),계약희망,가격 재문의,
CS02385,C00392,C00392,,U9960,서주원,전화,2024-07-18,240,이상치(장시간),계약희망,잔금 일정 문의,unit
CS02386,C00318,C00318,U0128,U0128,임동현,전화,2025-07-20,45,,보류,대출 상담 필요,
CS02387,C00509,C00509,U0130,U0130,장채원,방문,2025-02-22,90,,계약희망,계약금 조율 필요,
CS02388,C00489,C00489,U0064,U0064,조도윤,전화,2024-02-02,45,,계약희망,추가 자료 요청,
CS02389,C00200,C00200,U0029,U0029,홍태윤,방문,2025-06-26,,비정상(0이하),보류,전세 대비 비교 요청,
CS02390,C00029,C00029,U0126,U0126,조도윤,전화,2026-11-28,,비정상(0이하),보류,잔금 일정 문의,
CS02391,C00358,C00358,U0150,U0150,한지민,방문,2025-01-21,,비정상(0이하),거절,,
CS02392,C00470,C00470,U0095,U0095,임동현,방문,2026-04-02,45,,보류,대출 상담 필요,
CS02393,C00572,C00572,U0145,U0145,김서준,전화,2025-01-16,15,,계약희망,잔금 일정 문의,
CS02394,,C99060,U0192,U0192,전동현,온라인,2024-08-12,90,,계약희망,추가 자료 요청,customer
CS02395,C00027,C00027,U0199,U0199,김서준,온라인,2026-08-06,240,이상치(장시간),계약희망,,
CS02396,C00250,C00250,U0079,U0079,장채원,방문,2024-12-09,45,,계약희망,타 단지와 비교 중,
CS02397,C00504,C00504,U0219,U0219,김서준,전화,2026-08-23,30,,거절,잔금 일정 문의,
CS02398,C00405,C00405,U0094,U0094,장은서,방문,2025-09-23,30,,거절,가족과 상의 후 재연락,
CS02399,C00220,C00220,U0037,U0037,장은서,방문,2026-10-02,90,,보류,추가 자료 요청,
CS02400,,C99650,U0028,U0028,전동현,온라인,2024-12-01,45,,계약희망,가격 재문의,customer
CS02401,C00187,C00187,U0026,U0026,홍태윤,방문,2025-08-15,60,,계약희망,계약금 조율 필요,
CS02402,C00232,C00232,U0115,U0115,서주원,방문,2026-12-23,,비정상(0이하),거절,가격 재문의,
CS02403,C00051,C00051,U0195,U0195,장채원,전화,2026-08-06,240,이상치(장시간),보류,층향 재문의,
CS02404,C00038,C00038,U0125,U0125,홍태윤,방문,2025-08-13,20,,거절,잔금 일정 문의,
CS02405,C00009,C00009,U0102,U0102,조도윤,전화,2024-10-03,60,,거절,계약금 조율 필요,
CS02406,C00545,C00545,U0014,U0014,전동현,SNS,2025-08-17,20,,계약희망,현장 방문 예약,
CS02407,C00001,C00001,U0204,U0204,김서준,방문,2024-11-27,20,,계약희망,계약금 조율 필요,
CS02408,C00288,C00288,U0035,U0035,김서준,방문,2026-01-27,90,,거절,잔금 일정 문의,
CS02409,C00023,C00023,U0189,U0189,김서준,전화,2025-03-21,15,,보류,층향 재문의,
CS02410,C00221,C00221,U0120,U0120,임동현,전화,2024-06-18,15,,재상담예정,가족과 상의 후 재연락,
CS02411,C00243,C00243,U0097,U0097,김서준,전화,2025-09-25,,비정상(0이하),거절,타 단지와 비교 중,
CS02412,C00435,C00435,U0031,U0031,장은서,전화,2024-12-12,60,,보류,전세 대비 비교 요청,
CS02413,C00571,C00571,U0103,U0103,임동현,전화,2025-05-03,20,,계약희망,전세 대비 비교 요청,
CS02414,C00224,C00224,U0168,U0168,홍태윤,전화,2025-09-13,240,이상치(장시간),계약희망,가격 재문의,
CS02415,C00363,C00363,U0086,U0086,장채원,방문,2024-06-03,,비정상(0이하),거절,대출 상담 필요,
CS02416,C00189,C00189,U0134,U0134,장은서,SNS,2025-04-03,20,,거절,특약사항 확인 요청,
CS02417,C00572,C00572,U0172,U0172,서주원,SNS,2025-07-23,20,,재상담예정,대출 상담 필요,
CS02418,C00541,C00541,U0097,U0097,안시윤,SNS,2024-12-26,90,,보류,,
CS02419,C00555,C00555,U0199,U0199,전동현,방문,2026-11-17,15,,계약희망,타 단지와 비교 중,
CS02420,C00439,C00439,U0019,U0019,장채원,전화,2026-05-02,,비정상(0이하),계약희망,,
CS02421,C00329,C00329,U0103,U0103,전동현,전화,2025-10-08,10,,계약희망,전세 대비 비교 요청,
CS02422,C00371,C00371,U0085,U0085,한지민,전화,2026-01-18,15,,계약희망,특약사항 확인 요청,
CS02423,C00054,C00054,U0190,U0190,임동현,전화,2026-01-11,90,,계약희망,추가 자료 요청,
CS02424,C00285,C00285,U0152,U0152,서주원,방문,2026-03-04,30,,재상담예정,전세 대비 비교 요청,
CS02425,C00131,C00131,U0036,U0036,장은서,전화,2024-03-10,90,,보류,층향 재문의,
CS02426,C00294,C00294,U0176,U0176,김서준,온라인,2025-10-17,30,,계약희망,층향 재문의,
CS02427,C00470,C00470,U0068,U0068,서주원,온라인,2026-12-11,240,이상치(장시간),계약희망,타 단지와 비교 중,
CS02428,C00157,C00157,U0021,U0021,김서준,전화,2025-12-14,60,,계약희망,현장 방문 예약,
CS02429,C00423,C00423,U0218,U0218,전동현,전화,2026-11-04,30,,계약희망,특약사항 확인 요청,
CS02430,C00125,C00125,U0129,U0129,김서준,전화,2025-05-21,15,,계약희망,현장 방문 예약,
CS02431,C00078,C00078,U0181,U0181,홍태윤,SNS,2025-04-26,20,,거절,추가 자료 요청,
CS02432,C00004,C00004,U0099,U0099,장채원,전화,2024-07-04,30,,거절,계약금 조율 필요,
CS02433,C00456,C00456,U0102,U0102,조도윤,SNS,2026-01-23,60,,거절,가격 재문의,
CS02434,C00597,C00597,U0070,U0070,조도윤,전화,2025-03-22,,비정상(0이하),계약희망,대출 상담 필요,
CS02435,C00430,C00430,U0111,U0111,홍태윤,전화,2025-07-20,30,,계약희망,현장 방문 예약,
CS02436,C00301,C00301,U0112,U0112,임동현,방문,2024-04-14,,비정상(0이하),재상담예정,특약사항 확인 요청,
CS02437,C00047,C00047,U0032,U0032,안시윤,방문,2026-12-20,60,,계약희망,타 단지와 비교 중,
CS02438,C00077,C00077,U0005,U0005,김서준,온라인,2025-08-03,10,,거절,가격 재문의,
CS02439,C00567,C00567,U0170,U0170,안시윤,SNS,2025-05-15,30,,거절,추가 자료 요청,
CS02440,C00009,C00009,U0008,U0008,조도윤,전화,2024-04-24,15,,재상담예정,계약금 조율 필요,
CS02441,C00165,C00165,U0109,U0109,장은서,온라인,2025-12-09,,비정상(0이하),계약희망,대출 상담 필요,
CS02442,C00455,C00455,U0142,U0142,조도윤,온라인,2025-04-24,,비정상(0이하),계약희망,,
CS02443,C00224,C00224,U0183,U0183,임동현,전화,2026-06-21,30,,보류,전세 대비 비교 요청,
CS02444,C00288,C00288,U0034,U0034,장은서,방문,2024-06-25,,비정상(0이하),재상담예정,계약금 조율 필요,
CS02445,C00533,C00533,U0173,U0173,조도윤,전화,2024-02-22,,비정상(0이하),거절,층향 재문의,
CS02446,C00546,C00546,U0009,U0009,장채원,전화,2025-04-17,30,,계약희망,계약금 조율 필요,
CS02447,C00387,C00387,U0077,U0077,장은서,전화,2024-12-26,45,,계약희망,층향 재문의,
CS02448,C00009,C00009,U0129,U0129,전동현,전화,2025-08-25,,비정상(0이하),보류,,
CS02449,C00430,C00430,U0088,U0088,안시윤,전화,2026-11-02,20,,재상담예정,추가 자료 요청,
CS02450,C00402,C00402,U0075,U0075,서주원,전화,2025-11-15,,비정상(0이하),계약희망,가족과 상의 후 재연락,
CS02451,C00549,C00549,U0184,U0184,홍태윤,방문,2026-06-26,240,이상치(장시간),거절,추가 자료 요청,
CS02452,C00163,C00163,U0162,U0162,한지민,방문,2026-01-03,240,이상치(장시간),계약희망,현장 방문 예약,
CS02453,C00183,C00183,U0051,U0051,한지민,방문,2026-07-27,60,,계약희망,대출 상담 필요,
CS02454,C00212,C00212,U0162,U0162,서주원,전화,2024-01-02,,비정상(0이하),계약희망,추가 자료 요청,
CS02455,C00197,C00197,U0210,U0210,홍태윤,전화,2025-10-02,90,,거절,전세 대비 비교 요청,
CS02456,C00033,C00033,U0150,U0150,장은서,방문,2024-10-23,90,,계약희망,,
CS02457,,C99730,U0068,U0068,홍태윤,전화,2025-09-23,,비정상(0이하),재상담예정,,customer
CS02458,C00187,C00187,U0185,U0185,장채원,전화,2025-07-12,20,,보류,가격 재문의,
CS02459,C00073,C00073,U0032,U0032,홍태윤,SNS,2024-12-11,15,,거절,가족과 상의 후 재연락,
CS02460,C00091,C00091,U0111,U0111,장은서,방문,2026-08-22,,비정상(0이하),보류,현장 방문 예약,
CS02461,C00252,C00252,U0124,U0124,한지민,방문,2024-11-03,10,,거절,가격 재문의,
CS02462,C00114,C00114,U0020,U0020,전동현,전화,2026-11-06,,비정상(0이하),계약희망,전세 대비 비교 요청,
CS02463,C00295,C00295,U0068,U0068,장은서,전화,2025-12-14,240,이상치(장시간),계약희망,계약금 조율 필요,
CS02464,C00329,C00329,U0044,U0044,조도윤,SNS,2024-06-13,90,,계약희망,가족과 상의 후 재연락,
CS02465,C00010,C00010,U0051,U0051,안시윤,전화,2026-06-23,20,,재상담예정,계약금 조율 필요,
CS02466,C00477,C00477,U0003,U0003,장은서,온라인,2026-02-24,10,,보류,,
CS02467,C00071,C00071,U0119,U0119,홍태윤,전화,2025-12-14,15,,계약희망,가족과 상의 후 재연락,
CS02468,C00324,C00324,U0061,U0061,안시윤,전화,2026-07-06,,비정상(0이하),거절,가족과 상의 후 재연락,
CS02469,C00305,C00305,U0010,U0010,김서준,전화,2024-11-20,60,,계약희망,,
CS02470,C00048,C00048,U0038,U0038,김서준,전화,2024-01-12,15,,재상담예정,추가 자료 요청,
CS02471,C00209,C00209,U0215,U0215,임동현,방문,2024-02-07,60,,보류,전세 대비 비교 요청,
CS02472,C00449,C00449,U0041,U0041,안시윤,전화,2026-03-25,240,이상치(장시간),재상담예정,추가 자료 요청,
CS02473,C00455,C00455,U0077,U0077,장은서,방문,2026-12-25,10,,계약희망,전세 대비 비교 요청,
CS02474,C00317,C00317,U0154,U0154,홍태윤,방문,2025-05-23,,비정상(0이하),보류,전세 대비 비교 요청,
CS02475,C00228,C00228,U0179,U0179,장채원,SNS,2024-03-13,,비정상(0이하),거절,현장 방문 예약,
CS02476,C00045,C00045,U0064,U0064,안시윤,방문,2026-09-10,15,,보류,추가 자료 요청,
CS02477,C00371,C00371,U0135,U0135,서주원,전화,2026-11-21,60,,계약희망,계약금 조율 필요,
CS02478,C00088,C00088,U0094,U0094,안시윤,전화,2026-03-05,30,,계약희망,특약사항 확인 요청,
CS02479,C00117,C00117,U0007,U0007,홍태윤,온라인,2025-04-01,20,,보류,가족과 상의 후 재연락,
CS02480,C00043,C00043,U0140,U0140,안시윤,SNS,2026-10-16,15,,계약희망,,
CS02481,C00585,C00585,U0041,U0041,한지민,전화,2026-05-28,,비정상(0이하),거절,특약사항 확인 요청,
CS02482,C00054,C00054,U0039,U0039,서주원,전화,2024-02-25,10,,계약희망,층향 재문의,
CS02483,C00224,C00224,U0139,U0139,전동현,전화,2025-12-10,60,,계약희망,특약사항 확인 요청,
CS02484,,C99001,U0144,U0144,장은서,방문,2026-11-27,90,,거절,잔금 일정 문의,customer
CS02485,C00034,C00034,U0151,U0151,김서준,SNS,2026-12-18,90,,거절,현장 방문 예약,
CS02486,C00250,C00250,U0057,U0057,김서준,SNS,2025-08-09,240,이상치(장시간),계약희망,타 단지와 비교 중,
CS02487,C00543,C00543,U0178,U0178,서주원,전화,2024-09-04,240,이상치(장시간),재상담예정,잔금 일정 문의,
CS02488,C00477,C00477,U0164,U0164,홍태윤,방문,2025-06-02,60,,계약희망,특약사항 확인 요청,
CS02489,C00580,C00580,U0034,U0034,김서준,온라인,2024-10-16,240,이상치(장시간),거절,특약사항 확인 요청,
CS02490,C00220,C00220,U0061,U0061,조도윤,전화,2025-07-01,240,이상치(장시간),계약희망,층향 재문의,
CS02491,C00035,C00035,U0077,U0077,안시윤,SNS,2026-04-13,90,,계약희망,층향 재문의,
CS02492,C00057,C00057,U0207,U0207,안시윤,방문,2026-10-22,60,,계약희망,층향 재문의,
CS02493,C00289,C00289,U0068,U0068,김서준,SNS,2026-10-13,15,,거절,타 단지와 비교 중,
CS02494,C00254,C00254,U0123,U0123,서주원,온라인,2025-04-15,20,,계약희망,계약금 조율 필요,
CS02495,C00481,C00481,U0209,U0209,조도윤,방문,2026-02-18,240,이상치(장시간),재상담예정,전세 대비 비교 요청,
CS02496,C00576,C00576,U0057,U0057,전동현,전화,2024-10-02,10,,거절,잔금 일정 문의,
CS02497,C00053,C00053,U0113,U0113,전동현,전화,2025-09-12,45,,계약희망,전세 대비 비교 요청,
CS02498,C00547,C00547,U0048,U0048,서주원,온라인,2024-11-24,,비정상(0이하),보류,가격 재문의,
CS02499,C00145,C00145,U0052,U0052,장은서,전화,2024-12-12,240,이상치(장시간),계약희망,,
CS02500,,C99405,U0208,U0208,장채원,전화,2024-12-23,15,,계약희망,계약금 조율 필요,customer
